year,date,ticker,name,status
2010,20100701,000020,동화약품,ok
2010,20100701,000050,경방,ok
2010,20100701,000070,삼양사,ok
2010,20100701,000100,유한양행,ok
2010,20100701,000120,대한통운,ok
2010,20100701,000140,하이트홀딩스,ok
2010,20100701,000150,두산,ok
2010,20100701,000210,대림산업,ok
2010,20100701,000230,일동제약,ok
2010,20100701,000240,한국타이어,ok
2010,20100701,000270,기아차,ok
2010,20100701,000480,조선내화,ok
2010,20100701,000640,동아제약,ok
2010,20100701,000660,하이닉스,ok
2010,20100701,000670,영풍,ok
2010,20100701,000700,한진해운홀딩스,ok
2010,20100701,000720,현대건설,ok
2010,20100701,000810,삼성화재,ok
2010,20100701,000830,삼성물산,ok
2010,20100701,000880,한화,ok
2010,20100701,000990,동부하이텍,ok
2010,20100701,001040,CJ,ok
2010,20100701,001060,중외제약,ok
2010,20100701,001120,LG상사,ok
2010,20100701,001130,대한제분,ok
2010,20100701,001210,금호전기,ok
2010,20100701,001230,동국제강,ok
2010,20100701,001300,제일모직,ok
2010,20100701,001430,세아베스틸,ok
2010,20100701,001440,대한전선,ok
2010,20100701,001520,동양메이저,ok
2010,20100701,001630,종근당,ok
2010,20100701,001680,대상,ok
2010,20100701,001740,SK네트웍스,ok
2010,20100701,001790,대한제당,ok
2010,20100701,001800,오리온,ok
2010,20100701,001940,KISCO홀딩스,ok
2010,20100701,002020,코오롱,ok
2010,20100701,002030,아세아시멘트,ok
2010,20100701,002240,고려제강,ok
2010,20100701,002270,롯데삼강,ok
2010,20100701,002300,한국제지,ok
2010,20100701,002350,넥센타이어,ok
2010,20100701,002380,KCC,ok
2010,20100701,002390,한독약품,ok
2010,20100701,002790,태평양,ok
2010,20100701,003000,부광약품,ok
2010,20100701,003030,세아제강,ok
2010,20100701,003120,일성신약,ok
2010,20100701,003190,알앤엘바이오,ok
2010,20100701,003240,태광산업,ok
2010,20100701,003300,한일시멘트,ok
2010,20100701,003410,쌍용양회,ok
2010,20100701,003450,현대증권,ok
2010,20100701,003480,한진중공업홀딩스,ok
2010,20100701,003490,대한항공,ok
2010,20100701,003520,영진약품,ok
2010,20100701,003550,LG,ok
2010,20100701,003570,S&T중공업,ok
2010,20100701,003600,SK,ok
2010,20100701,003640,유니온스틸,ok
2010,20100701,003920,남양유업,ok
2010,20100701,003940,삼양제넥스,ok
2010,20100701,004000,삼성정밀화학,ok
2010,20100701,004020,현대제철,ok
2010,20100701,004130,대덕GDS,ok
2010,20100701,004150,한솔제지,ok
2010,20100701,004170,신세계,ok
2010,20100701,004370,농심,ok
2010,20100701,004430,송원산업,ok
2010,20100701,004490,세방전지,ok
2010,20100701,004710,한솔LCD,ok
2010,20100701,004800,효성,ok
2010,20100701,004940,외환은행,ok
2010,20100701,004990,롯데제과,ok
2010,20100701,005090,삼광유리,ok
2010,20100701,005180,빙그레,ok
2010,20100701,005270,대구은행,ok
2010,20100701,005280,부산은행,ok
2010,20100701,005300,롯데칠성,ok
2010,20100701,005380,현대차,ok
2010,20100701,005490,POSCO,ok
2010,20100701,005500,삼진제약,ok
2010,20100701,005680,삼영전자,ok
2010,20100701,005930,삼성전자,ok
2010,20100701,005940,우리투자증권,ok
2010,20100701,006120,SK케미칼,ok
2010,20100701,006260,LS,ok
2010,20100701,006280,녹십자,ok
2010,20100701,006360,GS건설,ok
2010,20100701,006380,카프로,ok
2010,20100701,006400,삼성SDI,ok
2010,20100701,006650,대한유화,ok
2010,20100701,006800,대우증권,ok
2010,20100701,007310,오뚜기,ok
2010,20100701,007340,동아타이어,ok
2010,20100701,007570,일양약품,ok
2010,20100701,008000,웅진케미칼,ok
2010,20100701,008060,대덕전자,ok
2010,20100701,008730,율촌화학,ok
2010,20100701,008930,한미약품,ok
2010,20100701,009150,삼성전기,ok
2010,20100701,009200,무림페이퍼,ok
2010,20100701,009290,광동제약,ok
2010,20100701,009540,현대중공업,ok
2010,20100701,009580,무림P&P,ok
2010,20100701,009680,모토닉,ok
2010,20100701,009720,전기초자,ok
2010,20100701,009830,한화케미칼,ok
2010,20100701,010060,OCI,ok
2010,20100701,010120,LS산전,ok
2010,20100701,010130,고려아연,ok
2010,20100701,010140,삼성중공업,ok
2010,20100701,010520,현대하이스코,ok
2010,20100701,010620,현대미포조선,ok
2010,20100701,010950,S-Oil,ok
2010,20100701,011070,LG이노텍,ok
2010,20100701,011170,호남석유,ok
2010,20100701,011200,현대상선,ok
2010,20100701,011780,금호석유,ok
2010,20100701,011790,SKC,ok
2010,20100701,011810,STX,ok
2010,20100701,012330,현대모비스,ok
2010,20100701,012450,삼성테크윈,ok
2010,20100701,012630,현대산업,ok
2010,20100701,012750,에스원,ok
2010,20100701,014820,동원시스템즈,ok
2010,20100701,014830,유니드,ok
2010,20100701,015590,대경기계,ok
2010,20100701,015760,한국전력,ok
2010,20100701,016360,삼성증권,ok
2010,20100701,016380,동부제철,ok
2010,20100701,016800,퍼시스,ok
2010,20100701,017670,SK텔레콤,ok
2010,20100701,017800,현대엘리베이,ok
2010,20100701,017960,한국카본,ok
2010,20100701,018880,한라공조,ok
2010,20100701,019680,대교,ok
2010,20100701,020000,한섬,ok
2010,20100701,021240,웅진코웨이,ok
2010,20100701,023530,롯데쇼핑,ok
2010,20100701,024110,기업은행,ok
2010,20100701,025000,KPX케미칼,ok
2010,20100701,025540,한국단자,ok
2010,20100701,025850,KPX화인케미칼,ok
2010,20100701,025860,남해화학,ok
2010,20100701,028050,삼성엔지니어링,ok
2010,20100701,028670,STX팬오션,ok
2010,20100701,029530,신도리코,ok
2010,20100701,029780,삼성카드,ok
2010,20100701,030000,제일기획,ok
2010,20100701,030200,KT,ok
2010,20100701,032640,LG텔레콤,ok
2010,20100701,033780,KT&G,ok
2010,20100701,034020,두산중공업,ok
2010,20100701,034120,SBS,ok
2010,20100701,034220,LG디스플레이,ok
2010,20100701,035250,강원랜드,ok
2010,20100701,035420,NHN,ok
2010,20100701,036460,한국가스공사,ok
2010,20100701,036570,엔씨소프트,ok
2010,20100701,037620,미래에셋증권,ok
2010,20100701,042660,대우조선해양,ok
2010,20100701,042670,두산인프라코어,ok
2010,20100701,047040,대우건설,ok
2010,20100701,047050,대우인터내셔널,ok
2010,20100701,051310,성진지오텍,ok
2010,20100701,051900,LG생활건강,ok
2010,20100701,051910,LG화학,ok
2010,20100701,053000,우리금융,ok
2010,20100701,055550,신한지주,ok
2010,20100701,064420,케이피케미칼,ok
2010,20100701,064960,S&T대우,ok
2010,20100701,066570,LG전자,ok
2010,20100701,067250,STX조선해양,ok
2010,20100701,068870,LG생명과학,ok
2010,20100701,069260,휴켐스,ok
2010,20100701,069620,대웅제약,ok
2010,20100701,069960,현대백화점,ok
2010,20100701,071050,한국금융지주,ok
2010,20100701,077970,STX엔진,ok
2010,20100701,078930,GS,ok
2010,20100701,084010,대한제강,ok
2010,20100701,085310,엔케이,ok
2010,20100701,086280,글로비스,ok
2010,20100701,086790,하나금융지주,ok
2010,20100701,090430,아모레퍼시픽,ok
2010,20100701,091090,세원셀론텍,ok
2010,20100701,093050,LG패션,ok
2010,20100701,093370,후성,ok
2010,20100701,096770,SK에너지,ok
2010,20100701,097230,한진중공업,ok
2010,20100701,097950,CJ제일제당,ok
2010,20100701,100840,S&TC,ok
2010,20100701,103140,풍산,ok
2010,20100701,103150,하이트맥주,ok
2010,20100701,103590,일진전기,ok
2010,20100701,104700,한국철강,ok
2010,20100701,105560,KB금융,ok
2010,20100701,108670,LG하우시스,ok
2011,20110701,000050,경방,ok
2011,20110701,000070,삼양사,ok
2011,20110701,000080,진로,ok
2011,20110701,000100,유한양행,ok
2011,20110701,000120,대한통운,ok
2011,20110701,000140,하이트홀딩스,ok
2011,20110701,000150,두산,ok
2011,20110701,000210,대림산업,ok
2011,20110701,000240,한국타이어,ok
2011,20110701,000270,기아차,ok
2011,20110701,000480,조선내화,ok
2011,20110701,000640,동아제약,ok
2011,20110701,000660,하이닉스,ok
2011,20110701,000670,영풍,ok
2011,20110701,000700,한진해운홀딩스,ok
2011,20110701,000720,현대건설,ok
2011,20110701,000810,삼성화재,ok
2011,20110701,000830,삼성물산,ok
2011,20110701,000880,한화,ok
2011,20110701,000990,동부하이텍,ok
2011,20110701,001040,CJ,ok
2011,20110701,001120,LG상사,ok
2011,20110701,001130,대한제분,ok
2011,20110701,001210,금호전기,ok
2011,20110701,001230,동국제강,ok
2011,20110701,001300,제일모직,ok
2011,20110701,001430,세아베스틸,ok
2011,20110701,001440,대한전선,ok
2011,20110701,001520,동양메이저,ok
2011,20110701,001630,종근당,ok
2011,20110701,001680,대상,ok
2011,20110701,001740,SK네트웍스,ok
2011,20110701,001800,오리온,ok
2011,20110701,002020,코오롱,ok
2011,20110701,002030,아세아시멘트,ok
2011,20110701,002240,고려제강,ok
2011,20110701,002270,롯데삼강,ok
2011,20110701,002350,넥센타이어,ok
2011,20110701,002380,KCC,ok
2011,20110701,002790,아모레G,ok
2011,20110701,002960,한국쉘석유,ok
2011,20110701,003000,부광약품,ok
2011,20110701,003030,세아제강,ok
2011,20110701,003120,일성신약,ok
2011,20110701,003190,알앤엘바이오,ok
2011,20110701,003240,태광산업,ok
2011,20110701,003300,한일시멘트,ok
2011,20110701,003410,쌍용양회,ok
2011,20110701,003450,현대증권,ok
2011,20110701,003480,한진중공업홀딩스,ok
2011,20110701,003490,대한항공,ok
2011,20110701,003550,LG,ok
2011,20110701,003570,S&T중공업,ok
2011,20110701,003600,SK,ok
2011,20110701,003620,쌍용차,ok
2011,20110701,003640,유니온스틸,ok
2011,20110701,003920,남양유업,ok
2011,20110701,004000,삼성정밀화학,ok
2011,20110701,004020,현대제철,ok
2011,20110701,004130,대덕GDS,ok
2011,20110701,004150,한솔제지,ok
2011,20110701,004170,신세계,ok
2011,20110701,004370,농심,ok
2011,20110701,004430,송원산업,ok
2011,20110701,004490,세방전지,ok
2011,20110701,004710,한솔테크닉스,ok
2011,20110701,004800,효성,ok
2011,20110701,004940,외환은행,ok
2011,20110701,004990,롯데제과,ok
2011,20110701,005090,삼광유리,ok
2011,20110701,005180,빙그레,ok
2011,20110701,005300,롯데칠성,ok
2011,20110701,005380,현대차,ok
2011,20110701,005490,POSCO,ok
2011,20110701,005680,삼영전자,ok
2011,20110701,005850,에스엘,ok
2011,20110701,005930,삼성전자,ok
2011,20110701,005940,우리투자증권,ok
2011,20110701,006120,SK케미칼,ok
2011,20110701,006260,LS,ok
2011,20110701,006280,녹십자,ok
2011,20110701,006360,GS건설,ok
2011,20110701,006380,카프로,ok
2011,20110701,006400,삼성SDI,ok
2011,20110701,006650,대한유화,ok
2011,20110701,006800,대우증권,ok
2011,20110701,007310,오뚜기,ok
2011,20110701,007340,동아타이어,ok
2011,20110701,007570,일양약품,ok
2011,20110701,007690,국도화학,ok
2011,20110701,007860,한일이화,ok
2011,20110701,008000,웅진케미칼,ok
2011,20110701,008060,대덕전자,ok
2011,20110701,008730,율촌화학,ok
2011,20110701,009150,삼성전기,ok
2011,20110701,009540,현대중공업,ok
2011,20110701,009580,무림P&P,ok
2011,20110701,009680,모토닉,ok
2011,20110701,009830,한화케미칼,ok
2011,20110701,010060,OCI,ok
2011,20110701,010120,LS산전,ok
2011,20110701,010130,고려아연,ok
2011,20110701,010140,삼성중공업,ok
2011,20110701,010520,현대하이스코,ok
2011,20110701,010620,현대미포조선,ok
2011,20110701,010690,화신,ok
2011,20110701,010780,아이에스동서,ok
2011,20110701,010950,S-Oil,ok
2011,20110701,011070,LG이노텍,ok
2011,20110701,011170,호남석유,ok
2011,20110701,011200,현대상선,ok
2011,20110701,011780,금호석유,ok
2011,20110701,011790,SKC,ok
2011,20110701,011810,STX,ok
2011,20110701,012330,현대모비스,ok
2011,20110701,012450,삼성테크윈,ok
2011,20110701,012630,현대산업,ok
2011,20110701,012750,에스원,ok
2011,20110701,013570,동양기전,ok
2011,20110701,014830,유니드,ok
2011,20110701,015760,한국전력,ok
2011,20110701,016360,삼성증권,ok
2011,20110701,016380,동부제철,ok
2011,20110701,016800,퍼시스,ok
2011,20110701,017670,SK텔레콤,ok
2011,20110701,017800,현대엘리베이,ok
2011,20110701,017900,광전자,ok
2011,20110701,018880,한라공조,ok
2011,20110701,019680,대교,ok
2011,20110701,020000,한섬,ok
2011,20110701,020760,일진디스플,ok
2011,20110701,021240,웅진코웨이,ok
2011,20110701,023530,롯데쇼핑,ok
2011,20110701,024110,기업은행,ok
2011,20110701,025000,KPX케미칼,ok
2011,20110701,025540,한국단자,ok
2011,20110701,025850,KPX화인케미칼,ok
2011,20110701,025860,남해화학,ok
2011,20110701,028050,삼성엔지니어링,ok
2011,20110701,028670,STX팬오션,ok
2011,20110701,029530,신도리코,ok
2011,20110701,029780,삼성카드,ok
2011,20110701,030000,제일기획,ok
2011,20110701,030200,KT,ok
2011,20110701,032640,LG유플러스,ok
2011,20110701,032830,삼성생명,ok
2011,20110701,033530,세종공업,ok
2011,20110701,033780,KT&G,ok
2011,20110701,034020,두산중공업,ok
2011,20110701,034120,SBS,ok
2011,20110701,034220,LG디스플레이,ok
2011,20110701,034730,SK C&C,ok
2011,20110701,035250,강원랜드,ok
2011,20110701,035420,NHN,ok
2011,20110701,036460,한국가스공사,ok
2011,20110701,036570,엔씨소프트,ok
2011,20110701,037620,미래에셋증권,ok
2011,20110701,042660,대우조선해양,ok
2011,20110701,042670,두산인프라코어,ok
2011,20110701,047040,대우건설,ok
2011,20110701,047050,대우인터내셔널,ok
2011,20110701,051310,성진지오텍,ok
2011,20110701,051900,LG생활건강,ok
2011,20110701,051910,LG화학,ok
2011,20110701,052690,한전기술,ok
2011,20110701,053000,우리금융,ok
2011,20110701,055550,신한지주,ok
2011,20110701,064420,케이피케미칼,ok
2011,20110701,064960,S&T대우,ok
2011,20110701,066570,LG전자,ok
2011,20110701,067250,STX조선해양,ok
2011,20110701,068870,LG생명과학,ok
2011,20110701,069260,휴켐스,ok
2011,20110701,069620,대웅제약,ok
2011,20110701,069960,현대백화점,ok
2011,20110701,071050,한국금융지주,ok
2011,20110701,071970,STX메탈,ok
2011,20110701,073240,금호타이어,ok
2011,20110701,077970,STX엔진,ok
2011,20110701,078930,GS,ok
2011,20110701,084010,대한제강,ok
2011,20110701,084870,베이직하우스,ok
2011,20110701,086280,현대글로비스,ok
2011,20110701,086790,하나금융지주,ok
2011,20110701,088350,대한생명,ok
2011,20110701,090430,아모레퍼시픽,ok
2011,20110701,093050,LG패션,ok
2011,20110701,093370,후성,ok
2011,20110701,096770,SK이노베이션,ok
2011,20110701,097230,한진중공업,ok
2011,20110701,097950,CJ제일제당,ok
2011,20110701,103140,풍산,ok
2011,20110701,103150,하이트맥주,ok
2011,20110701,103590,일진전기,ok
2011,20110701,104700,한국철강,ok
2011,20110701,105560,KB금융,ok
2011,20110701,108670,LG하우시스,ok
2011,20110701,115390,락앤락,ok
2011,20110701,120110,코오롱인더,ok
2011,20110701,138930,BS금융지주,ok
2012,20120702,000050,경방,ok
2012,20120702,000070,삼양홀딩스,ok
2012,20120702,000080,하이트진로,ok
2012,20120702,000100,유한양행,ok
2012,20120702,000120,CJ대한통운,ok
2012,20120702,000140,하이트진로홀딩스,ok
2012,20120702,000150,두산,ok
2012,20120702,000210,대림산업,ok
2012,20120702,000240,한국타이어,ok
2012,20120702,000270,기아차,ok
2012,20120702,000430,대원강업,ok
2012,20120702,000480,조선내화,ok
2012,20120702,000640,동아제약,ok
2012,20120702,000660,SK하이닉스,ok
2012,20120702,000670,영풍,ok
2012,20120702,000700,한진해운홀딩스,ok
2012,20120702,000720,현대건설,ok
2012,20120702,000810,삼성화재,ok
2012,20120702,000830,삼성물산,ok
2012,20120702,000880,한화,ok
2012,20120702,000990,동부하이텍,ok
2012,20120702,001040,CJ,ok
2012,20120702,001120,LG상사,ok
2012,20120702,001130,대한제분,ok
2012,20120702,001230,동국제강,ok
2012,20120702,001300,제일모직,ok
2012,20120702,001430,세아베스틸,ok
2012,20120702,001440,대한전선,ok
2012,20120702,001520,동양,ok
2012,20120702,001630,종근당,ok
2012,20120702,001680,대상,ok
2012,20120702,001740,SK네트웍스,ok
2012,20120702,001800,오리온,ok
2012,20120702,002020,코오롱,ok
2012,20120702,002240,고려제강,ok
2012,20120702,002270,롯데삼강,ok
2012,20120702,002350,넥센타이어,ok
2012,20120702,002380,KCC,ok
2012,20120702,002790,아모레G,ok
2012,20120702,002960,한국쉘석유,ok
2012,20120702,003000,부광약품,ok
2012,20120702,003030,세아제강,ok
2012,20120702,003120,일성신약,ok
2012,20120702,003190,알앤엘바이오,ok
2012,20120702,003240,태광산업,ok
2012,20120702,003300,한일시멘트,ok
2012,20120702,003410,쌍용양회,ok
2012,20120702,003450,현대증권,ok
2012,20120702,003480,한진중공업홀딩스,ok
2012,20120702,003490,대한항공,ok
2012,20120702,003550,LG,ok
2012,20120702,003570,S&T중공업,ok
2012,20120702,003600,SK,ok
2012,20120702,003620,쌍용차,ok
2012,20120702,003920,남양유업,ok
2012,20120702,004000,삼성정밀화학,ok
2012,20120702,004020,현대제철,ok
2012,20120702,004150,한솔제지,ok
2012,20120702,004170,신세계,ok
2012,20120702,004370,농심,ok
2012,20120702,004430,송원산업,ok
2012,20120702,004490,세방전지,ok
2012,20120702,004710,한솔테크닉스,ok
2012,20120702,004800,효성,ok
2012,20120702,004940,외환은행,ok
2012,20120702,004990,롯데제과,ok
2012,20120702,005090,삼광유리,ok
2012,20120702,005180,빙그레,ok
2012,20120702,005300,롯데칠성,ok
2012,20120702,005380,현대차,ok
2012,20120702,005490,POSCO,ok
2012,20120702,005690,파미셀,ok
2012,20120702,005850,에스엘,ok
2012,20120702,005930,삼성전자,ok
2012,20120702,005940,우리투자증권,ok
2012,20120702,005950,이수화학,ok
2012,20120702,006120,SK케미칼,ok
2012,20120702,006260,LS,ok
2012,20120702,006280,녹십자,ok
2012,20120702,006360,GS건설,ok
2012,20120702,006380,카프로,ok
2012,20120702,006400,삼성SDI,ok
2012,20120702,006650,대한유화,ok
2012,20120702,006800,대우증권,ok
2012,20120702,007310,오뚜기,ok
2012,20120702,007340,동아타이어,ok
2012,20120702,007570,일양약품,ok
2012,20120702,007690,국도화학,ok
2012,20120702,007860,한일이화,ok
2012,20120702,008000,웅진케미칼,ok
2012,20120702,008040,동아원,ok
2012,20120702,008060,대덕전자,ok
2012,20120702,009150,삼성전기,ok
2012,20120702,009420,한올바이오파마,ok
2012,20120702,009540,현대중공업,ok
2012,20120702,009580,무림P&P,ok
2012,20120702,009680,모토닉,ok
2012,20120702,009830,한화케미칼,ok
2012,20120702,010060,OCI,ok
2012,20120702,010120,LS산전,ok
2012,20120702,010130,고려아연,ok
2012,20120702,010140,삼성중공업,ok
2012,20120702,010520,현대하이스코,ok
2012,20120702,010620,현대미포조선,ok
2012,20120702,010690,화신,ok
2012,20120702,010780,아이에스동서,ok
2012,20120702,010950,S-Oil,ok
2012,20120702,011070,LG이노텍,ok
2012,20120702,011170,호남석유,ok
2012,20120702,011200,현대상선,ok
2012,20120702,011210,현대위아,ok
2012,20120702,011780,금호석유,ok
2012,20120702,011790,SKC,ok
2012,20120702,011810,STX,ok
2012,20120702,012330,현대모비스,ok
2012,20120702,012450,삼성테크윈,ok
2012,20120702,012630,현대산업,ok
2012,20120702,012750,에스원,ok
2012,20120702,013570,동양기전,ok
2012,20120702,014830,유니드,ok
2012,20120702,015760,한국전력,ok
2012,20120702,016360,삼성증권,ok
2012,20120702,016380,동부제철,ok
2012,20120702,017670,SK텔레콤,ok
2012,20120702,017800,현대엘리베이,ok
2012,20120702,018880,한라공조,ok
2012,20120702,019680,대교,ok
2012,20120702,020000,한섬,ok
2012,20120702,020150,일진머티리얼즈,ok
2012,20120702,020760,일진디스플,ok
2012,20120702,021240,웅진코웨이,ok
2012,20120702,023530,롯데쇼핑,ok
2012,20120702,024110,기업은행,ok
2012,20120702,025000,KPX케미칼,ok
2012,20120702,025540,한국단자,ok
2012,20120702,025860,남해화학,ok
2012,20120702,028050,삼성엔지니어링,ok
2012,20120702,028670,STX팬오션,ok
2012,20120702,029530,신도리코,ok
2012,20120702,029780,삼성카드,ok
2012,20120702,030000,제일기획,ok
2012,20120702,030200,KT,ok
2012,20120702,032640,LG유플러스,ok
2012,20120702,032830,삼성생명,ok
2012,20120702,033530,세종공업,ok
2012,20120702,033780,KT&G,ok
2012,20120702,033920,무학,ok
2012,20120702,034020,두산중공업,ok
2012,20120702,034120,SBS,ok
2012,20120702,034220,LG디스플레이,ok
2012,20120702,034730,SK C&C,ok
2012,20120702,035250,강원랜드,ok
2012,20120702,035420,NHN,ok
2012,20120702,036460,한국가스공사,ok
2012,20120702,036570,엔씨소프트,ok
2012,20120702,037620,미래에셋증권,ok
2012,20120702,042660,대우조선해양,ok
2012,20120702,042670,두산인프라코어,ok
2012,20120702,047040,대우건설,ok
2012,20120702,047050,대우인터내셔널,ok
2012,20120702,051310,성진지오텍,ok
2012,20120702,051900,LG생활건강,ok
2012,20120702,051910,LG화학,ok
2012,20120702,052690,한전기술,ok
2012,20120702,053000,우리금융,ok
2012,20120702,055550,신한지주,ok
2012,20120702,060980,만도,ok
2012,20120702,064420,케이피케미칼,ok
2012,20120702,064960,S&T모티브,ok
2012,20120702,066570,LG전자,ok
2012,20120702,067250,STX조선해양,ok
2012,20120702,068870,LG생명과학,ok
2012,20120702,069260,휴켐스,ok
2012,20120702,069620,대웅제약,ok
2012,20120702,069960,현대백화점,ok
2012,20120702,071050,한국금융지주,ok
2012,20120702,073240,금호타이어,ok
2012,20120702,077970,STX엔진,ok
2012,20120702,078930,GS,ok
2012,20120702,082740,두산엔진,ok
2012,20120702,084870,베이직하우스,ok
2012,20120702,086280,현대글로비스,ok
2012,20120702,086790,하나금융지주,ok
2012,20120702,088350,대한생명,ok
2012,20120702,090430,아모레퍼시픽,ok
2012,20120702,093050,LG패션,ok
2012,20120702,093370,후성,ok
2012,20120702,096770,SK이노베이션,ok
2012,20120702,097230,한진중공업,ok
2012,20120702,097950,CJ제일제당,ok
2012,20120702,103130,웅진에너지,ok
2012,20120702,103140,풍산,ok
2012,20120702,103590,일진전기,ok
2012,20120702,104700,한국철강,ok
2012,20120702,105560,KB금융,ok
2012,20120702,108670,LG하우시스,ok
2012,20120702,115390,락앤락,ok
2012,20120702,120110,코오롱인더,ok
2012,20120702,128940,한미약품,ok
2012,20120702,138930,BS금융지주,ok
2013,20130701,000070,삼양홀딩스,ok
2013,20130701,000080,하이트진로,ok
2013,20130701,000100,유한양행,ok
2013,20130701,000120,CJ대한통운,ok
2013,20130701,000140,하이트진로홀딩스,ok
2013,20130701,000150,두산,ok
2013,20130701,000210,대림산업,ok
2013,20130701,000240,한국타이어월드와이드,ok
2013,20130701,000270,기아차,ok
2013,20130701,000430,대원강업,ok
2013,20130701,000640,동아쏘시오홀딩스,ok
2013,20130701,000660,SK하이닉스,ok
2013,20130701,000670,영풍,ok
2013,20130701,000700,한진해운홀딩스,ok
2013,20130701,000720,현대건설,ok
2013,20130701,000810,삼성화재,ok
2013,20130701,000830,삼성물산,ok
2013,20130701,000880,한화,ok
2013,20130701,000990,동부하이텍,ok
2013,20130701,001040,CJ,ok
2013,20130701,001120,LG상사,ok
2013,20130701,001230,동국제강,ok
2013,20130701,001300,제일모직,ok
2013,20130701,001430,세아베스틸,ok
2013,20130701,001440,대한전선,ok
2013,20130701,001520,동양,ok
2013,20130701,001630,종근당,ok
2013,20130701,001680,대상,ok
2013,20130701,001740,SK네트웍스,ok
2013,20130701,001800,오리온,ok
2013,20130701,002020,코오롱,ok
2013,20130701,002240,고려제강,ok
2013,20130701,002270,롯데푸드,ok
2013,20130701,002350,넥센타이어,ok
2013,20130701,002380,KCC,ok
2013,20130701,002790,아모레G,ok
2013,20130701,002960,한국쉘석유,ok
2013,20130701,003000,부광약품,ok
2013,20130701,003030,세아제강,ok
2013,20130701,003240,태광산업,ok
2013,20130701,003300,한일시멘트,ok
2013,20130701,003410,쌍용양회,ok
2013,20130701,003450,현대증권,ok
2013,20130701,003490,대한항공,ok
2013,20130701,003550,LG,ok
2013,20130701,003570,S&T중공업,ok
2013,20130701,003600,SK,ok
2013,20130701,003620,쌍용차,ok
2013,20130701,003920,남양유업,ok
2013,20130701,004000,삼성정밀화학,ok
2013,20130701,004020,현대제철,ok
2013,20130701,004130,대덕GDS,ok
2013,20130701,004150,한솔제지,ok
2013,20130701,004170,신세계,ok
2013,20130701,004370,농심,ok
2013,20130701,004430,송원산업,ok
2013,20130701,004490,세방전지,ok
2013,20130701,004710,한솔테크닉스,ok
2013,20130701,004800,효성,ok
2013,20130701,004990,롯데제과,ok
2013,20130701,005090,삼광글라스,ok
2013,20130701,005180,빙그레,ok
2013,20130701,005300,롯데칠성,ok
2013,20130701,005380,현대차,ok
2013,20130701,005490,POSCO,ok
2013,20130701,005690,파미셀,ok
2013,20130701,005830,동부화재,ok
2013,20130701,005850,에스엘,ok
2013,20130701,005930,삼성전자,ok
2013,20130701,005940,우리투자증권,ok
2013,20130701,005950,이수화학,ok
2013,20130701,006120,SK케미칼,ok
2013,20130701,006260,LS,ok
2013,20130701,006280,녹십자,ok
2013,20130701,006360,GS건설,ok
2013,20130701,006380,카프로,ok
2013,20130701,006400,삼성SDI,ok
2013,20130701,006650,대한유화,ok
2013,20130701,006800,대우증권,ok
2013,20130701,007070,GS리테일,ok
2013,20130701,007310,오뚜기,ok
2013,20130701,007340,동아타이어,ok
2013,20130701,007570,일양약품,ok
2013,20130701,007690,국도화학,ok
2013,20130701,007810,코리아써키트,ok
2013,20130701,007860,한일이화,ok
2013,20130701,008000,웅진케미칼,ok
2013,20130701,008060,대덕전자,ok
2013,20130701,009150,삼성전기,ok
2013,20130701,009420,한올바이오파마,ok
2013,20130701,009540,현대중공업,ok
2013,20130701,009580,무림P&P,ok
2013,20130701,009680,모토닉,ok
2013,20130701,009830,한화케미칼,ok
2013,20130701,010060,OCI,ok
2013,20130701,010120,LS산전,ok
2013,20130701,010130,고려아연,ok
2013,20130701,010140,삼성중공업,ok
2013,20130701,010520,현대하이스코,ok
2013,20130701,010620,현대미포조선,ok
2013,20130701,010690,화신,ok
2013,20130701,010780,아이에스동서,ok
2013,20130701,010950,S-Oil,ok
2013,20130701,011070,LG이노텍,ok
2013,20130701,011170,롯데케미칼,ok
2013,20130701,011200,현대상선,ok
2013,20130701,011210,현대위아,ok
2013,20130701,011780,금호석유,ok
2013,20130701,011790,SKC,ok
2013,20130701,011810,STX,ok
2013,20130701,012330,현대모비스,ok
2013,20130701,012450,삼성테크윈,ok
2013,20130701,012630,현대산업,ok
2013,20130701,012750,에스원,ok
2013,20130701,013570,동양기전,ok
2013,20130701,014830,유니드,ok
2013,20130701,015760,한국전력,ok
2013,20130701,016360,삼성증권,ok
2013,20130701,016800,퍼시스,ok
2013,20130701,017670,SK텔레콤,ok
2013,20130701,017800,현대엘리베이,ok
2013,20130701,018880,한라비스테온공조,ok
2013,20130701,019680,대교,ok
2013,20130701,020000,한섬,ok
2013,20130701,020150,일진머티리얼즈,ok
2013,20130701,020760,일진디스플,ok
2013,20130701,021240,코웨이,ok
2013,20130701,023530,롯데쇼핑,ok
2013,20130701,024110,기업은행,ok
2013,20130701,025000,KPX케미칼,ok
2013,20130701,025540,한국단자,ok
2013,20130701,025860,남해화학,ok
2013,20130701,028050,삼성엔지니어링,ok
2013,20130701,029530,신도리코,ok
2013,20130701,029780,삼성카드,ok
2013,20130701,030000,제일기획,ok
2013,20130701,030200,KT,ok
2013,20130701,032640,LG유플러스,ok
2013,20130701,032830,삼성생명,ok
2013,20130701,033530,세종공업,ok
2013,20130701,033780,KT&G,ok
2013,20130701,033920,무학,ok
2013,20130701,034020,두산중공업,ok
2013,20130701,034120,SBS,ok
2013,20130701,034220,LG디스플레이,ok
2013,20130701,034730,SK C&C,ok
2013,20130701,035250,강원랜드,ok
2013,20130701,035420,NHN,ok
2013,20130701,036460,한국가스공사,ok
2013,20130701,036570,엔씨소프트,ok
2013,20130701,037620,미래에셋증권,ok
2013,20130701,042660,대우조선해양,ok
2013,20130701,042670,두산인프라코어,ok
2013,20130701,044820,코스맥스,ok
2013,20130701,047040,대우건설,ok
2013,20130701,047050,대우인터내셔널,ok
2013,20130701,047810,한국항공우주,ok
2013,20130701,049770,동원F&B,ok
2013,20130701,051310,성진지오텍,ok
2013,20130701,051900,LG생활건강,ok
2013,20130701,051910,LG화학,ok
2013,20130701,052690,한전기술,ok
2013,20130701,053000,우리금융,ok
2013,20130701,055550,신한지주,ok
2013,20130701,060980,만도,ok
2013,20130701,064960,S&T모티브,ok
2013,20130701,066570,LG전자,ok
2013,20130701,067250,STX조선해양,ok
2013,20130701,068870,LG생명과학,ok
2013,20130701,069260,휴켐스,ok
2013,20130701,069620,대웅제약,ok
2013,20130701,069960,현대백화점,ok
2013,20130701,071050,한국금융지주,ok
2013,20130701,073240,금호타이어,ok
2013,20130701,077970,STX엔진,ok
2013,20130701,078520,에이블씨엔씨,ok
2013,20130701,078930,GS,ok
2013,20130701,079980,휴비스,ok
2013,20130701,082740,두산엔진,ok
2013,20130701,084870,베이직하우스,ok
2013,20130701,086280,현대글로비스,ok
2013,20130701,086790,하나금융지주,ok
2013,20130701,088350,한화생명,ok
2013,20130701,090430,아모레퍼시픽,ok
2013,20130701,093050,LG패션,ok
2013,20130701,093370,후성,ok
2013,20130701,096770,SK이노베이션,ok
2013,20130701,097230,한진중공업,ok
2013,20130701,097950,CJ제일제당,ok
2013,20130701,103130,웅진에너지,ok
2013,20130701,103140,풍산,ok
2013,20130701,104700,한국철강,ok
2013,20130701,105560,KB금융,ok
2013,20130701,105630,한세실업,ok
2013,20130701,108670,LG하우시스,ok
2013,20130701,115390,락앤락,ok
2013,20130701,120110,코오롱인더,ok
2013,20130701,128940,한미약품,ok
2013,20130701,138930,BS금융지주,ok
2013,20130701,139480,이마트,ok
2014,20140701,000070,삼양홀딩스,ok
2014,20140701,000080,하이트진로,ok
2014,20140701,000100,유한양행,ok
2014,20140701,000120,CJ대한통운,ok
2014,20140701,000140,하이트진로홀딩스,ok
2014,20140701,000150,두산,ok
2014,20140701,000210,대림산업,ok
2014,20140701,000240,한국타이어월드와이드,ok
2014,20140701,000270,기아차,ok
2014,20140701,000430,대원강업,ok
2014,20140701,000480,조선내화,ok
2014,20140701,000640,동아쏘시오홀딩스,ok
2014,20140701,000660,SK하이닉스,ok
2014,20140701,000670,영풍,ok
2014,20140701,000700,한진해운홀딩스,ok
2014,20140701,000720,현대건설,ok
2014,20140701,000810,삼성화재,ok
2014,20140701,000830,삼성물산,ok
2014,20140701,000880,한화,ok
2014,20140701,000990,동부하이텍,ok
2014,20140701,001040,CJ,ok
2014,20140701,001120,LG상사,ok
2014,20140701,001230,동국제강,ok
2014,20140701,001430,세아베스틸,ok
2014,20140701,001440,대한전선,ok
2014,20140701,001680,대상,ok
2014,20140701,001740,SK네트웍스,ok
2014,20140701,001800,오리온,ok
2014,20140701,002020,코오롱,ok
2014,20140701,002240,고려제강,ok
2014,20140701,002270,롯데푸드,ok
2014,20140701,002350,넥센타이어,ok
2014,20140701,002380,KCC,ok
2014,20140701,002790,아모레G,ok
2014,20140701,002960,한국쉘석유,ok
2014,20140701,003000,부광약품,ok
2014,20140701,003030,세아제강,ok
2014,20140701,003240,태광산업,ok
2014,20140701,003300,한일시멘트,ok
2014,20140701,003410,쌍용양회,ok
2014,20140701,003450,현대증권,ok
2014,20140701,003490,대한항공,ok
2014,20140701,003520,영진약품,ok
2014,20140701,003550,LG,ok
2014,20140701,003570,S&T중공업,ok
2014,20140701,003600,SK,ok
2014,20140701,003620,쌍용차,ok
2014,20140701,003920,남양유업,ok
2014,20140701,004000,삼성정밀화학,ok
2014,20140701,004020,현대제철,ok
2014,20140701,004130,대덕GDS,ok
2014,20140701,004150,한솔제지,ok
2014,20140701,004170,신세계,ok
2014,20140701,004370,농심,ok
2014,20140701,004430,송원산업,ok
2014,20140701,004490,세방전지,ok
2014,20140701,004710,한솔테크닉스,ok
2014,20140701,004800,효성,ok
2014,20140701,004990,롯데제과,ok
2014,20140701,005090,삼광글라스,ok
2014,20140701,005180,빙그레,ok
2014,20140701,005300,롯데칠성,ok
2014,20140701,005380,현대차,ok
2014,20140701,005490,POSCO,ok
2014,20140701,005610,삼립식품,ok
2014,20140701,005740,크라운제과,ok
2014,20140701,005830,동부화재,ok
2014,20140701,005850,에스엘,ok
2014,20140701,005930,삼성전자,ok
2014,20140701,005940,우리투자증권,ok
2014,20140701,005950,이수화학,ok
2014,20140701,006120,SK케미칼,ok
2014,20140701,006260,LS,ok
2014,20140701,006280,녹십자,ok
2014,20140701,006380,카프로,ok
2014,20140701,006400,삼성SDI,ok
2014,20140701,006650,대한유화,ok
2014,20140701,006800,대우증권,ok
2014,20140701,007070,GS리테일,ok
2014,20140701,007310,오뚜기,ok
2014,20140701,007340,동아타이어,ok
2014,20140701,007570,일양약품,ok
2014,20140701,007690,국도화학,ok
2014,20140701,007810,코리아써키트,ok
2014,20140701,007860,한일이화,ok
2014,20140701,008000,도레이케미칼,ok
2014,20140701,008060,대덕전자,ok
2014,20140701,008490,서흥,ok
2014,20140701,008770,호텔신라,ok
2014,20140701,009150,삼성전기,ok
2014,20140701,009290,광동제약,ok
2014,20140701,009540,현대중공업,ok
2014,20140701,009580,무림P&P,ok
2014,20140701,009680,모토닉,ok
2014,20140701,009830,한화케미칼,ok
2014,20140701,010060,OCI,ok
2014,20140701,010120,LS산전,ok
2014,20140701,010130,고려아연,ok
2014,20140701,010140,삼성중공업,ok
2014,20140701,010520,현대하이스코,ok
2014,20140701,010620,현대미포조선,ok
2014,20140701,010690,화신,ok
2014,20140701,010780,아이에스동서,ok
2014,20140701,010950,S-Oil,ok
2014,20140701,011070,LG이노텍,ok
2014,20140701,011170,롯데케미칼,ok
2014,20140701,011200,현대상선,ok
2014,20140701,011210,현대위아,ok
2014,20140701,011780,금호석유,ok
2014,20140701,011790,SKC,ok
2014,20140701,012330,현대모비스,ok
2014,20140701,012450,삼성테크윈,ok
2014,20140701,012630,현대산업,ok
2014,20140701,012750,에스원,ok
2014,20140701,013570,동양기전,ok
2014,20140701,014830,유니드,ok
2014,20140701,015760,한국전력,ok
2014,20140701,016360,삼성증권,ok
2014,20140701,016800,퍼시스,ok
2014,20140701,017670,SK텔레콤,ok
2014,20140701,017800,현대엘리베이,ok
2014,20140701,018880,한라비스테온공조,ok
2014,20140701,019680,대교,ok
2014,20140701,020000,한섬,ok
2014,20140701,020150,일진머티리얼즈,ok
2014,20140701,020760,일진디스플,ok
2014,20140701,021240,코웨이,ok
2014,20140701,023530,롯데쇼핑,ok
2014,20140701,024110,기업은행,ok
2014,20140701,025540,한국단자,ok
2014,20140701,025860,남해화학,ok
2014,20140701,028050,삼성엔지니어링,ok
2014,20140701,029530,신도리코,ok
2014,20140701,029780,삼성카드,ok
2014,20140701,030000,제일기획,ok
2014,20140701,030200,KT,ok
2014,20140701,032640,LG유플러스,ok
2014,20140701,032830,삼성생명,ok
2014,20140701,033240,자화전자,ok
2014,20140701,033530,세종공업,ok
2014,20140701,033780,KT&G,ok
2014,20140701,033920,무학,ok
2014,20140701,034020,두산중공업,ok
2014,20140701,034120,SBS,ok
2014,20140701,034220,LG디스플레이,ok
2014,20140701,034730,SK C&C,ok
2014,20140701,035250,강원랜드,ok
2014,20140701,035420,NAVER,ok
2014,20140701,036460,한국가스공사,ok
2014,20140701,036570,엔씨소프트,ok
2014,20140701,037620,미래에셋증권,ok
2014,20140701,042660,대우조선해양,ok
2014,20140701,042670,두산인프라코어,ok
2014,20140701,047040,대우건설,ok
2014,20140701,047050,대우인터내셔널,ok
2014,20140701,047810,한국항공우주,ok
2014,20140701,049770,동원F&B,ok
2014,20140701,051310,포스코플랜텍,ok
2014,20140701,051600,한전KPS,ok
2014,20140701,051900,LG생활건강,ok
2014,20140701,051910,LG화학,ok
2014,20140701,052690,한전기술,ok
2014,20140701,053000,우리금융,ok
2014,20140701,055550,신한지주,ok
2014,20140701,060980,만도,ok
2014,20140701,064960,S&T모티브,ok
2014,20140701,066570,LG전자,ok
2014,20140701,068870,LG생명과학,ok
2014,20140701,069260,휴켐스,ok
2014,20140701,069620,대웅제약,ok
2014,20140701,069960,현대백화점,ok
2014,20140701,071050,한국금융지주,ok
2014,20140701,073240,금호타이어,ok
2014,20140701,078520,에이블씨엔씨,ok
2014,20140701,078930,GS,ok
2014,20140701,079980,휴비스,ok
2014,20140701,082740,두산엔진,ok
2014,20140701,084870,베이직하우스,ok
2014,20140701,086280,현대글로비스,ok
2014,20140701,086790,하나금융지주,ok
2014,20140701,088350,한화생명,ok
2014,20140701,090430,아모레퍼시픽,ok
2014,20140701,093050,LF,ok
2014,20140701,093370,후성,ok
2014,20140701,096770,SK이노베이션,ok
2014,20140701,097230,한진중공업,ok
2014,20140701,097950,CJ제일제당,ok
2014,20140701,103140,풍산,ok
2014,20140701,104700,한국철강,ok
2014,20140701,105560,KB금융,ok
2014,20140701,105630,한세실업,ok
2014,20140701,108670,LG하우시스,ok
2014,20140701,115390,락앤락,ok
2014,20140701,120110,코오롱인더,ok
2014,20140701,128940,한미약품,ok
2014,20140701,138930,BS금융지주,ok
2014,20140701,139480,이마트,ok
2014,20140701,161390,한국타이어,ok
2014,20140701,161890,한국콜마,ok
2014,20140701,170900,동아에스티,ok
2015,20150701,000030,우리은행,ok
2015,20150701,000050,경방,ok
2015,20150701,000070,삼양홀딩스,ok
2015,20150701,000080,하이트진로,ok
2015,20150701,000100,유한양행,ok
2015,20150701,000120,CJ대한통운,ok
2015,20150701,000140,하이트진로홀딩스,ok
2015,20150701,000150,두산,ok
2015,20150701,000210,대림산업,ok
2015,20150701,000230,일동제약,ok
2015,20150701,000240,한국타이어월드와이드,ok
2015,20150701,000270,기아차,ok
2015,20150701,000480,조선내화,ok
2015,20150701,000640,동아쏘시오홀딩스,ok
2015,20150701,000660,SK하이닉스,ok
2015,20150701,000670,영풍,ok
2015,20150701,000720,현대건설,ok
2015,20150701,000810,삼성화재,ok
2015,20150701,000830,삼성물산,ok
2015,20150701,000880,한화,ok
2015,20150701,001040,CJ,ok
2015,20150701,001120,LG상사,ok
2015,20150701,001230,동국제강,ok
2015,20150701,001430,세아베스틸,ok
2015,20150701,001680,대상,ok
2015,20150701,001740,SK네트웍스,ok
2015,20150701,001800,오리온,ok
2015,20150701,002240,고려제강,ok
2015,20150701,002270,롯데푸드,ok
2015,20150701,002350,넥센타이어,ok
2015,20150701,002380,KCC,ok
2015,20150701,002790,아모레G,ok
2015,20150701,002960,한국쉘석유,ok
2015,20150701,003000,부광약품,ok
2015,20150701,003030,세아제강,ok
2015,20150701,003200,일신방직,ok
2015,20150701,003240,태광산업,ok
2015,20150701,003300,한일시멘트,ok
2015,20150701,003410,쌍용양회,ok
2015,20150701,003450,현대증권,ok
2015,20150701,003490,대한항공,ok
2015,20150701,003520,영진약품,ok
2015,20150701,003550,LG,ok
2015,20150701,003570,S&T중공업,ok
2015,20150701,003600,SK,ok
2015,20150701,003620,쌍용차,ok
2015,20150701,003920,남양유업,ok
2015,20150701,004000,삼성정밀화학,ok
2015,20150701,004020,현대제철,ok
2015,20150701,004150,한솔홀딩스,ok
2015,20150701,004170,신세계,ok
2015,20150701,004370,농심,ok
2015,20150701,004490,세방전지,ok
2015,20150701,004700,조광피혁,ok
2015,20150701,004710,한솔테크닉스,ok
2015,20150701,004800,효성,ok
2015,20150701,004990,롯데제과,ok
2015,20150701,005090,삼광글라스,ok
2015,20150701,005180,빙그레,ok
2015,20150701,005300,롯데칠성,ok
2015,20150701,005380,현대차,ok
2015,20150701,005490,POSCO,ok
2015,20150701,005610,삼립식품,ok
2015,20150701,005740,크라운제과,ok
2015,20150701,005830,동부화재,ok
2015,20150701,005850,에스엘,ok
2015,20150701,005930,삼성전자,ok
2015,20150701,005940,NH투자증권,ok
2015,20150701,006120,SK케미칼,ok
2015,20150701,006260,LS,ok
2015,20150701,006280,녹십자,ok
2015,20150701,006400,삼성SDI,ok
2015,20150701,006650,대한유화,ok
2015,20150701,006800,대우증권,ok
2015,20150701,007070,GS리테일,ok
2015,20150701,007310,오뚜기,ok
2015,20150701,007340,동아타이어,ok
2015,20150701,007570,일양약품,ok
2015,20150701,007690,국도화학,ok
2015,20150701,007860,서연,ok
2015,20150701,008060,대덕전자,ok
2015,20150701,008490,서흥,ok
2015,20150701,008770,호텔신라,ok
2015,20150701,009150,삼성전기,ok
2015,20150701,009240,한샘,ok
2015,20150701,009290,광동제약,ok
2015,20150701,009540,현대중공업,ok
2015,20150701,009580,무림P&P,ok
2015,20150701,009680,모토닉,ok
2015,20150701,009830,한화케미칼,ok
2015,20150701,010060,OCI,ok
2015,20150701,010120,LS산전,ok
2015,20150701,010130,고려아연,ok
2015,20150701,010140,삼성중공업,ok
2015,20150701,010620,현대미포조선,ok
2015,20150701,010690,화신,ok
2015,20150701,010780,아이에스동서,ok
2015,20150701,010950,S-Oil,ok
2015,20150701,011070,LG이노텍,ok
2015,20150701,011170,롯데케미칼,ok
2015,20150701,011200,현대상선,ok
2015,20150701,011210,현대위아,ok
2015,20150701,011780,금호석유,ok
2015,20150701,011790,SKC,ok
2015,20150701,012330,현대모비스,ok
2015,20150701,012450,삼성테크윈,ok
2015,20150701,012630,현대산업,ok
2015,20150701,012750,에스원,ok
2015,20150701,014680,한솔케미칼,ok
2015,20150701,014820,동원시스템즈,ok
2015,20150701,014830,유니드,ok
2015,20150701,015760,한국전력,ok
2015,20150701,016360,삼성증권,ok
2015,20150701,017670,SK텔레콤,ok
2015,20150701,017800,현대엘리베이,ok
2015,20150701,018260,삼성에스디에스,ok
2015,20150701,018880,한라비스테온공조,ok
2015,20150701,019680,대교,ok
2015,20150701,020000,한섬,ok
2015,20150701,020150,일진머티리얼즈,ok
2015,20150701,021240,코웨이,ok
2015,20150701,023530,롯데쇼핑,ok
2015,20150701,024110,기업은행,ok
2015,20150701,025540,한국단자,ok
2015,20150701,025860,남해화학,ok
2015,20150701,028050,삼성엔지니어링,ok
2015,20150701,028260,제일모직,ok
2015,20150701,029530,신도리코,ok
2015,20150701,029780,삼성카드,ok
2015,20150701,030000,제일기획,ok
2015,20150701,030200,KT,ok
2015,20150701,032640,LG유플러스,ok
2015,20150701,032830,삼성생명,ok
2015,20150701,033530,세종공업,ok
2015,20150701,033780,KT&G,ok
2015,20150701,033920,무학,ok
2015,20150701,034020,두산중공업,ok
2015,20150701,034120,SBS,ok
2015,20150701,034220,LG디스플레이,ok
2015,20150701,034730,SK C&C,ok
2015,20150701,035250,강원랜드,ok
2015,20150701,035420,NAVER,ok
2015,20150701,036460,한국가스공사,ok
2015,20150701,036570,엔씨소프트,ok
2015,20150701,036580,팜스코,ok
2015,20150701,037620,미래에셋증권,ok
2015,20150701,042660,대우조선해양,ok
2015,20150701,042670,두산인프라코어,ok
2015,20150701,042700,한미반도체,ok
2015,20150701,047040,대우건설,ok
2015,20150701,047050,대우인터내셔널,ok
2015,20150701,047810,한국항공우주,ok
2015,20150701,049770,동원F&B,ok
2015,20150701,051600,한전KPS,ok
2015,20150701,051900,LG생활건강,ok
2015,20150701,051910,LG화학,ok
2015,20150701,052690,한전기술,ok
2015,20150701,055550,신한지주,ok
2015,20150701,060980,한라홀딩스,ok
2015,20150701,064350,현대로템,ok
2015,20150701,064960,S&T모티브,ok
2015,20150701,066570,LG전자,ok
2015,20150701,068870,LG생명과학,ok
2015,20150701,069260,휴켐스,ok
2015,20150701,069620,대웅제약,ok
2015,20150701,069960,현대백화점,ok
2015,20150701,071050,한국금융지주,ok
2015,20150701,073240,금호타이어,ok
2015,20150701,078520,에이블씨엔씨,ok
2015,20150701,078930,GS,ok
2015,20150701,079430,현대리바트,ok
2015,20150701,079980,휴비스,ok
2015,20150701,082740,두산엔진,ok
2015,20150701,084870,베이직하우스,ok
2015,20150701,086280,현대글로비스,ok
2015,20150701,086790,하나금융지주,ok
2015,20150701,088350,한화생명,ok
2015,20150701,090430,아모레퍼시픽,ok
2015,20150701,093050,LF,ok
2015,20150701,093370,후성,ok
2015,20150701,096770,SK이노베이션,ok
2015,20150701,097230,한진중공업,ok
2015,20150701,097950,CJ제일제당,ok
2015,20150701,103140,풍산,ok
2015,20150701,104700,한국철강,ok
2015,20150701,105560,KB금융,ok
2015,20150701,105630,한세실업,ok
2015,20150701,108670,LG하우시스,ok
2015,20150701,114090,GKL,ok
2015,20150701,115390,락앤락,ok
2015,20150701,120110,코오롱인더,ok
2015,20150701,128940,한미약품,ok
2015,20150701,138930,BNK금융지주,ok
2015,20150701,139480,이마트,ok
2015,20150701,145990,삼양사,ok
2015,20150701,161390,한국타이어,ok
2015,20150701,161890,한국콜마,ok
2015,20150701,170900,동아에스티,ok
2015,20150701,185750,종근당,ok
2015,20150701,192820,코스맥스,ok
2016,20160701,000030,우리은행,ok
2016,20160701,000050,경방,ok
2016,20160701,000070,삼양홀딩스,ok
2016,20160701,000080,하이트진로,ok
2016,20160701,000100,유한양행,ok
2016,20160701,000120,CJ대한통운,ok
2016,20160701,000140,하이트진로홀딩스,ok
2016,20160701,000150,두산,ok
2016,20160701,000210,DL,ok
2016,20160701,000230,일동홀딩스,ok
2016,20160701,000240,한국앤컴퍼니,ok
2016,20160701,000270,기아,ok
2016,20160701,000640,동아쏘시오홀딩스,ok
2016,20160701,000660,SK하이닉스,ok
2016,20160701,000670,영풍,ok
2016,20160701,000720,현대건설,ok
2016,20160701,000810,삼성화재,ok
2016,20160701,000880,한화,ok
2016,20160701,000990,DB하이텍,ok
2016,20160701,001040,CJ,ok
2016,20160701,001060,JW중외제약,ok
2016,20160701,001120,LX인터내셔널,ok
2016,20160701,001230,동국홀딩스,ok
2016,20160701,001430,세아베스틸지주,ok
2016,20160701,001520,동양,ok
2016,20160701,001680,대상,ok
2016,20160701,001740,SK네트웍스,ok
2016,20160701,001800,오리온홀딩스,ok
2016,20160701,002240,고려제강,ok
2016,20160701,002270,롯데푸드,ok
2016,20160701,002350,넥센타이어,ok
2016,20160701,002380,KCC,ok
2016,20160701,002620,제일파마홀딩스,ok
2016,20160701,002790,아모레퍼시픽홀딩스,ok
2016,20160701,002960,한국쉘석유,ok
2016,20160701,003000,부광약품,ok
2016,20160701,003030,세아제강지주,ok
2016,20160701,003200,일신방직,ok
2016,20160701,003240,태광산업,ok
2016,20160701,003300,한일홀딩스,ok
2016,20160701,003410,쌍용C&E,ok
2016,20160701,003450,현대증권,ok
2016,20160701,003490,대한항공,ok
2016,20160701,003520,영진약품,ok
2016,20160701,003550,LG,ok
2016,20160701,003570,SNT다이내믹스,ok
2016,20160701,003620,KG모빌리티,ok
2016,20160701,003850,보령,ok
2016,20160701,003920,남양유업,ok
2016,20160701,004000,롯데정밀화학,ok
2016,20160701,004020,현대제철,ok
2016,20160701,004170,신세계,ok
2016,20160701,004370,농심,ok
2016,20160701,004490,세방전지,ok
2016,20160701,004700,조광피혁,ok
2016,20160701,004710,한솔테크닉스,ok
2016,20160701,004800,효성,ok
2016,20160701,004990,롯데지주,ok
2016,20160701,005090,SGC에너지,ok
2016,20160701,005180,빙그레,ok
2016,20160701,005300,롯데칠성,ok
2016,20160701,005380,현대차,ok
2016,20160701,005440,현대지에프홀딩스,ok
2016,20160701,005490,POSCO홀딩스,ok
2016,20160701,005610,삼립,ok
2016,20160701,005740,크라운해태홀딩스,ok
2016,20160701,005830,DB손해보험,ok
2016,20160701,005850,에스엘,ok
2016,20160701,005930,삼성전자,ok
2016,20160701,005940,NH투자증권,ok
2016,20160701,006120,SK디스커버리,ok
2016,20160701,006260,LS,ok
2016,20160701,006280,녹십자,ok
2016,20160701,006400,삼성SDI,ok
2016,20160701,006650,대한유화,ok
2016,20160701,006800,미래에셋증권,ok
2016,20160701,007070,GS리테일,ok
2016,20160701,007210,벽산,ok
2016,20160701,007310,오뚜기,ok
2016,20160701,007340,DN오토모티브,ok
2016,20160701,007570,일양약품,ok
2016,20160701,007690,국도화학,ok
2016,20160701,008060,대덕,ok
2016,20160701,008490,서흥,ok
2016,20160701,008770,호텔신라,ok
2016,20160701,008930,한미사이언스,ok
2016,20160701,009150,삼성전기,ok
2016,20160701,009240,한샘,ok
2016,20160701,009290,광동제약,ok
2016,20160701,009420,한올바이오파마,ok
2016,20160701,009540,HD한국조선해양,ok
2016,20160701,009830,한화솔루션,ok
2016,20160701,010060,OCI홀딩스,ok
2016,20160701,010120,LS ELECTRIC,ok
2016,20160701,010130,고려아연,ok
2016,20160701,010140,삼성중공업,ok
2016,20160701,010620,HD현대미포,ok
2016,20160701,010780,아이에스동서,ok
2016,20160701,010950,S-Oil,ok
2016,20160701,011070,LG이노텍,ok
2016,20160701,011170,롯데케미칼,ok
2016,20160701,011210,현대위아,ok
2016,20160701,011780,금호석유화학,ok
2016,20160701,011790,SKC,ok
2016,20160701,012330,현대모비스,ok
2016,20160701,012450,한화에어로스페이스,ok
2016,20160701,012630,HDC,ok
2016,20160701,012750,에스원,ok
2016,20160701,014680,한솔케미칼,ok
2016,20160701,014820,동원시스템즈,ok
2016,20160701,014830,유니드,ok
2016,20160701,015760,한국전력,ok
2016,20160701,016360,삼성증권,ok
2016,20160701,017670,SK텔레콤,ok
2016,20160701,017800,현대엘리베이터,ok
2016,20160701,018260,삼성에스디에스,ok
2016,20160701,018880,한온시스템,ok
2016,20160701,019680,대교,ok
2016,20160701,020000,한섬,ok
2016,20160701,020150,롯데에너지머티리얼즈,ok
2016,20160701,021240,코웨이,ok
2016,20160701,023530,롯데쇼핑,ok
2016,20160701,024110,기업은행,ok
2016,20160701,025540,한국단자,ok
2016,20160701,025860,남해화학,ok
2016,20160701,027410,BGF,ok
2016,20160701,028050,삼성E&A,ok
2016,20160701,028260,삼성물산,ok
2016,20160701,029530,신도리코,ok
2016,20160701,029780,삼성카드,ok
2016,20160701,030000,제일기획,ok
2016,20160701,030200,KT,ok
2016,20160701,032640,LG유플러스,ok
2016,20160701,032830,삼성생명,ok
2016,20160701,033780,KT&G,ok
2016,20160701,033920,무학,ok
2016,20160701,034020,두산에너빌리티,ok
2016,20160701,034120,SBS,ok
2016,20160701,034220,LG디스플레이,ok
2016,20160701,034730,SK,ok
2016,20160701,035250,강원랜드,ok
2016,20160701,035420,NAVER,ok
2016,20160701,036460,한국가스공사,ok
2016,20160701,036570,NC,ok
2016,20160701,036580,팜스코,ok
2016,20160701,037620,미래에셋증권,ok
2016,20160701,042660,한화오션,ok
2016,20160701,042670,HD현대인프라코어,ok
2016,20160701,047040,대우건설,ok
2016,20160701,047050,포스코인터내셔널,ok
2016,20160701,047810,한국항공우주,ok
2016,20160701,049770,동원F&B,ok
2016,20160701,051600,한전KPS,ok
2016,20160701,051900,LG생활건강,ok
2016,20160701,051910,LG화학,ok
2016,20160701,052690,한전기술,ok
2016,20160701,055550,신한지주,ok
2016,20160701,057050,현대홈쇼핑,ok
2016,20160701,060980,HL홀딩스,ok
2016,20160701,064350,현대로템,ok
2016,20160701,064960,SNT모티브,ok
2016,20160701,066570,LG전자,ok
2016,20160701,068870,LG생명과학,ok
2016,20160701,069260,TKG휴켐스,ok
2016,20160701,069620,대웅제약,ok
2016,20160701,069960,현대백화점,ok
2016,20160701,071050,한국금융지주,ok
2016,20160701,073240,금호타이어,ok
2016,20160701,078520,에이블씨엔씨,ok
2016,20160701,078930,GS,ok
2016,20160701,079430,현대리바트,ok
2016,20160701,086280,현대글로비스,ok
2016,20160701,086790,하나금융지주,ok
2016,20160701,088350,한화생명,ok
2016,20160701,090430,아모레퍼시픽,ok
2016,20160701,093050,LF,ok
2016,20160701,093370,후성,ok
2016,20160701,096770,SK이노베이션,ok
2016,20160701,097230,HJ중공업,ok
2016,20160701,097950,CJ제일제당,ok
2016,20160701,103140,풍산,ok
2016,20160701,104700,한국철강,ok
2016,20160701,105560,KB금융,ok
2016,20160701,105630,한세실업,ok
2016,20160701,108670,LX하우시스,ok
2016,20160701,111770,영원무역,ok
2016,20160701,114090,GKL,ok
2016,20160701,115390,락앤락,ok
2016,20160701,120110,코오롱인더,ok
2016,20160701,128940,한미약품,ok
2016,20160701,138930,BNK금융지주,ok
2016,20160701,139480,이마트,ok
2016,20160701,145990,삼양사,ok
2016,20160701,161390,한국타이어앤테크놀로지,ok
2016,20160701,161890,한국콜마,ok
2016,20160701,170900,동아에스티,ok
2016,20160701,185750,종근당,ok
2016,20160701,192400,쿠쿠홀딩스,ok
2016,20160701,192820,코스맥스,ok
2016,20160701,204320,HL만도,ok
2017,20170630,000030,우리은행,ok
2017,20170630,000050,경방,ok
2017,20170630,000070,삼양홀딩스,ok
2017,20170630,000080,하이트진로,ok
2017,20170630,000100,유한양행,ok
2017,20170630,000120,CJ대한통운,ok
2017,20170630,000150,두산,ok
2017,20170630,000210,DL,ok
2017,20170630,000240,한국앤컴퍼니,ok
2017,20170630,000270,기아,ok
2017,20170630,000640,동아쏘시오홀딩스,ok
2017,20170630,000660,SK하이닉스,ok
2017,20170630,000670,영풍,ok
2017,20170630,000720,현대건설,ok
2017,20170630,000810,삼성화재,ok
2017,20170630,000880,한화,ok
2017,20170630,000990,DB하이텍,ok
2017,20170630,001040,CJ,ok
2017,20170630,001060,JW중외제약,ok
2017,20170630,001120,LX인터내셔널,ok
2017,20170630,001230,동국홀딩스,ok
2017,20170630,001430,세아베스틸지주,ok
2017,20170630,001450,현대해상,ok
2017,20170630,001520,동양,ok
2017,20170630,001680,대상,ok
2017,20170630,001740,SK네트웍스,ok
2017,20170630,001780,알루코,ok
2017,20170630,001800,오리온홀딩스,ok
2017,20170630,002240,고려제강,ok
2017,20170630,002270,롯데푸드,ok
2017,20170630,002350,넥센타이어,ok
2017,20170630,002380,KCC,ok
2017,20170630,002620,제일파마홀딩스,ok
2017,20170630,002790,아모레퍼시픽홀딩스,ok
2017,20170630,002960,한국쉘석유,ok
2017,20170630,003000,부광약품,ok
2017,20170630,003030,세아제강지주,ok
2017,20170630,003240,태광산업,ok
2017,20170630,003300,한일홀딩스,ok
2017,20170630,003410,쌍용C&E,ok
2017,20170630,003490,대한항공,ok
2017,20170630,003520,영진약품,ok
2017,20170630,003550,LG,ok
2017,20170630,003620,KG모빌리티,ok
2017,20170630,003850,보령,ok
2017,20170630,003920,남양유업,ok
2017,20170630,004000,롯데정밀화학,ok
2017,20170630,004020,현대제철,ok
2017,20170630,004170,신세계,ok
2017,20170630,004370,농심,ok
2017,20170630,004490,세방전지,ok
2017,20170630,004710,한솔테크닉스,ok
2017,20170630,004800,효성,ok
2017,20170630,004990,롯데지주,ok
2017,20170630,005180,빙그레,ok
2017,20170630,005250,녹십자홀딩스,ok
2017,20170630,005300,롯데칠성,ok
2017,20170630,005380,현대차,ok
2017,20170630,005440,현대지에프홀딩스,ok
2017,20170630,005490,POSCO홀딩스,ok
2017,20170630,005610,삼립,ok
2017,20170630,005830,DB손해보험,ok
2017,20170630,005850,에스엘,ok
2017,20170630,005930,삼성전자,ok
2017,20170630,005940,NH투자증권,ok
2017,20170630,006120,SK디스커버리,ok
2017,20170630,006260,LS,ok
2017,20170630,006280,녹십자,ok
2017,20170630,006360,GS건설,ok
2017,20170630,006400,삼성SDI,ok
2017,20170630,006650,대한유화,ok
2017,20170630,006800,미래에셋증권,ok
2017,20170630,006840,AK홀딩스,ok
2017,20170630,007070,GS리테일,ok
2017,20170630,007310,오뚜기,ok
2017,20170630,007340,DN오토모티브,ok
2017,20170630,007570,일양약품,ok
2017,20170630,008060,대덕,ok
2017,20170630,008560,메리츠증권,ok
2017,20170630,008770,호텔신라,ok
2017,20170630,008930,한미사이언스,ok
2017,20170630,009150,삼성전기,ok
2017,20170630,009240,한샘,ok
2017,20170630,009290,광동제약,ok
2017,20170630,009420,한올바이오파마,ok
2017,20170630,009540,HD한국조선해양,ok
2017,20170630,009830,한화솔루션,ok
2017,20170630,010060,OCI홀딩스,ok
2017,20170630,010120,LS ELECTRIC,ok
2017,20170630,010130,고려아연,ok
2017,20170630,010140,삼성중공업,ok
2017,20170630,010620,HD현대미포,ok
2017,20170630,010780,아이에스동서,ok
2017,20170630,010950,S-Oil,ok
2017,20170630,011070,LG이노텍,ok
2017,20170630,011170,롯데케미칼,ok
2017,20170630,011210,현대위아,ok
2017,20170630,011780,금호석유화학,ok
2017,20170630,011790,SKC,ok
2017,20170630,012330,현대모비스,ok
2017,20170630,012450,한화에어로스페이스,ok
2017,20170630,012630,HDC,ok
2017,20170630,012750,에스원,ok
2017,20170630,014680,한솔케미칼,ok
2017,20170630,014820,동원시스템즈,ok
2017,20170630,014830,유니드,ok
2017,20170630,015760,한국전력,ok
2017,20170630,016360,삼성증권,ok
2017,20170630,017670,SK텔레콤,ok
2017,20170630,017800,현대엘리베이터,ok
2017,20170630,018260,삼성에스디에스,ok
2017,20170630,018880,한온시스템,ok
2017,20170630,019680,대교,ok
2017,20170630,020000,한섬,ok
2017,20170630,020150,롯데에너지머티리얼즈,ok
2017,20170630,021240,코웨이,ok
2017,20170630,023530,롯데쇼핑,ok
2017,20170630,024110,기업은행,ok
2017,20170630,025540,한국단자,ok
2017,20170630,025860,남해화학,ok
2017,20170630,026960,동서,ok
2017,20170630,027410,BGF,ok
2017,20170630,028050,삼성E&A,ok
2017,20170630,028260,삼성물산,ok
2017,20170630,028670,팬오션,ok
2017,20170630,029530,신도리코,ok
2017,20170630,029780,삼성카드,ok
2017,20170630,030000,제일기획,ok
2017,20170630,030200,KT,ok
2017,20170630,032640,LG유플러스,ok
2017,20170630,032830,삼성생명,ok
2017,20170630,033780,KT&G,ok
2017,20170630,033920,무학,ok
2017,20170630,034020,두산에너빌리티,ok
2017,20170630,034120,SBS,ok
2017,20170630,034220,LG디스플레이,ok
2017,20170630,034730,SK,ok
2017,20170630,035250,강원랜드,ok
2017,20170630,035420,NAVER,ok
2017,20170630,036460,한국가스공사,ok
2017,20170630,036570,NC,ok
2017,20170630,036580,팜스코,ok
2017,20170630,042670,HD현대인프라코어,ok
2017,20170630,047040,대우건설,ok
2017,20170630,047050,포스코인터내셔널,ok
2017,20170630,047810,한국항공우주,ok
2017,20170630,049770,동원F&B,ok
2017,20170630,051600,한전KPS,ok
2017,20170630,051900,LG생활건강,ok
2017,20170630,051910,LG화학,ok
2017,20170630,052690,한전기술,ok
2017,20170630,055550,신한지주,ok
2017,20170630,057050,현대홈쇼핑,ok
2017,20170630,060980,HL홀딩스,ok
2017,20170630,064350,현대로템,ok
2017,20170630,064960,SNT모티브,ok
2017,20170630,066570,LG전자,ok
2017,20170630,069260,TKG휴켐스,ok
2017,20170630,069620,대웅제약,ok
2017,20170630,069960,현대백화점,ok
2017,20170630,071050,한국금융지주,ok
2017,20170630,073240,금호타이어,ok
2017,20170630,078520,에이블씨엔씨,ok
2017,20170630,078930,GS,ok
2017,20170630,079160,CJ CGV,ok
2017,20170630,079430,현대리바트,ok
2017,20170630,079550,LIG디펜스앤에어로스페이스,ok
2017,20170630,086280,현대글로비스,ok
2017,20170630,086790,하나금융지주,ok
2017,20170630,088350,한화생명,ok
2017,20170630,090430,아모레퍼시픽,ok
2017,20170630,093050,LF,ok
2017,20170630,093370,후성,ok
2017,20170630,096760,JW홀딩스,ok
2017,20170630,096770,SK이노베이션,ok
2017,20170630,097230,HJ중공업,ok
2017,20170630,097950,CJ제일제당,ok
2017,20170630,103140,풍산,ok
2017,20170630,105560,KB금융,ok
2017,20170630,105630,한세실업,ok
2017,20170630,108670,LX하우시스,ok
2017,20170630,111770,영원무역,ok
2017,20170630,114090,GKL,ok
2017,20170630,115390,락앤락,ok
2017,20170630,120110,코오롱인더,ok
2017,20170630,128940,한미약품,ok
2017,20170630,138930,BNK금융지주,ok
2017,20170630,139480,이마트,ok
2017,20170630,145990,삼양사,ok
2017,20170630,161390,한국타이어앤테크놀로지,ok
2017,20170630,161890,한국콜마,ok
2017,20170630,170900,동아에스티,ok
2017,20170630,185750,종근당,ok
2017,20170630,192400,쿠쿠홀딩스,ok
2017,20170630,192820,코스맥스,ok
2017,20170630,204320,HL만도,ok
2017,20170630,207940,삼성바이오로직스,ok
2017,20170630,214320,이노션,ok
2017,20170630,251270,넷마블,ok
2017,20170630,267250,HD현대,ok
2018,20180702,000030,우리은행,ok
2018,20180702,000070,삼양홀딩스,ok
2018,20180702,000080,하이트진로,ok
2018,20180702,000100,유한양행,ok
2018,20180702,000120,CJ대한통운,ok
2018,20180702,000150,두산,ok
2018,20180702,000210,DL,ok
2018,20180702,000240,한국앤컴퍼니,ok
2018,20180702,000270,기아,ok
2018,20180702,000640,동아쏘시오홀딩스,ok
2018,20180702,000660,SK하이닉스,ok
2018,20180702,000670,영풍,ok
2018,20180702,000720,현대건설,ok
2018,20180702,000810,삼성화재,ok
2018,20180702,000880,한화,ok
2018,20180702,000990,DB하이텍,ok
2018,20180702,001040,CJ,ok
2018,20180702,001060,JW중외제약,ok
2018,20180702,001120,LX인터내셔널,ok
2018,20180702,001230,동국홀딩스,ok
2018,20180702,001430,세아베스틸지주,ok
2018,20180702,001450,현대해상,ok
2018,20180702,001520,동양,ok
2018,20180702,001680,대상,ok
2018,20180702,001740,SK네트웍스,ok
2018,20180702,001800,오리온홀딩스,ok
2018,20180702,002240,고려제강,ok
2018,20180702,002270,롯데푸드,ok
2018,20180702,002350,넥센타이어,ok
2018,20180702,002380,KCC,ok
2018,20180702,002790,아모레퍼시픽홀딩스,ok
2018,20180702,002960,한국쉘석유,ok
2018,20180702,003000,부광약품,ok
2018,20180702,003030,세아제강지주,ok
2018,20180702,003240,태광산업,ok
2018,20180702,003300,한일홀딩스,ok
2018,20180702,003410,쌍용C&E,ok
2018,20180702,003490,대한항공,ok
2018,20180702,003520,영진약품,ok
2018,20180702,003550,LG,ok
2018,20180702,003620,KG모빌리티,ok
2018,20180702,003850,보령,ok
2018,20180702,003920,남양유업,ok
2018,20180702,004000,롯데정밀화학,ok
2018,20180702,004020,현대제철,ok
2018,20180702,004170,신세계,ok
2018,20180702,004370,농심,ok
2018,20180702,004490,세방전지,ok
2018,20180702,004800,효성,ok
2018,20180702,004990,롯데지주,ok
2018,20180702,005180,빙그레,ok
2018,20180702,005250,녹십자홀딩스,ok
2018,20180702,005300,롯데칠성,ok
2018,20180702,005380,현대차,ok
2018,20180702,005440,현대지에프홀딩스,ok
2018,20180702,005490,POSCO홀딩스,ok
2018,20180702,005610,삼립,ok
2018,20180702,005830,DB손해보험,ok
2018,20180702,005850,에스엘,ok
2018,20180702,005930,삼성전자,ok
2018,20180702,005940,NH투자증권,ok
2018,20180702,006120,SK디스커버리,ok
2018,20180702,006260,LS,ok
2018,20180702,006280,녹십자,ok
2018,20180702,006360,GS건설,ok
2018,20180702,006400,삼성SDI,ok
2018,20180702,006650,대한유화,ok
2018,20180702,006800,미래에셋증권,ok
2018,20180702,006840,AK홀딩스,ok
2018,20180702,007070,GS리테일,ok
2018,20180702,007310,오뚜기,ok
2018,20180702,007570,일양약품,ok
2018,20180702,008060,대덕,ok
2018,20180702,008560,메리츠증권,ok
2018,20180702,008770,호텔신라,ok
2018,20180702,008930,한미사이언스,ok
2018,20180702,009150,삼성전기,ok
2018,20180702,009240,한샘,ok
2018,20180702,009420,한올바이오파마,ok
2018,20180702,009540,HD한국조선해양,ok
2018,20180702,009830,한화솔루션,ok
2018,20180702,010060,OCI홀딩스,ok
2018,20180702,010120,LS ELECTRIC,ok
2018,20180702,010130,고려아연,ok
2018,20180702,010140,삼성중공업,ok
2018,20180702,010620,HD현대미포,ok
2018,20180702,010780,아이에스동서,ok
2018,20180702,010950,S-Oil,ok
2018,20180702,011070,LG이노텍,ok
2018,20180702,011170,롯데케미칼,ok
2018,20180702,011210,현대위아,ok
2018,20180702,011780,금호석유화학,ok
2018,20180702,011790,SKC,ok
2018,20180702,012330,현대모비스,ok
2018,20180702,012450,한화에어로스페이스,ok
2018,20180702,012630,HDC,ok
2018,20180702,012750,에스원,ok
2018,20180702,014680,한솔케미칼,ok
2018,20180702,014820,동원시스템즈,ok
2018,20180702,014830,유니드,ok
2018,20180702,015760,한국전력,ok
2018,20180702,016360,삼성증권,ok
2018,20180702,017670,SK텔레콤,ok
2018,20180702,017800,현대엘리베이터,ok
2018,20180702,018260,삼성에스디에스,ok
2018,20180702,018880,한온시스템,ok
2018,20180702,019680,대교,ok
2018,20180702,020000,한섬,ok
2018,20180702,020150,롯데에너지머티리얼즈,ok
2018,20180702,021240,코웨이,ok
2018,20180702,023530,롯데쇼핑,ok
2018,20180702,024110,기업은행,ok
2018,20180702,025540,한국단자,ok
2018,20180702,025860,남해화학,ok
2018,20180702,026960,동서,ok
2018,20180702,027410,BGF,ok
2018,20180702,028050,삼성E&A,ok
2018,20180702,028260,삼성물산,ok
2018,20180702,028670,팬오션,ok
2018,20180702,029780,삼성카드,ok
2018,20180702,030000,제일기획,ok
2018,20180702,030200,KT,ok
2018,20180702,032640,LG유플러스,ok
2018,20180702,032830,삼성생명,ok
2018,20180702,033780,KT&G,ok
2018,20180702,033920,무학,ok
2018,20180702,034020,두산에너빌리티,ok
2018,20180702,034120,SBS,ok
2018,20180702,034220,LG디스플레이,ok
2018,20180702,034730,SK,ok
2018,20180702,035250,강원랜드,ok
2018,20180702,035420,NAVER,ok
2018,20180702,035720,카카오,ok
2018,20180702,036460,한국가스공사,ok
2018,20180702,036570,NC,ok
2018,20180702,036580,팜스코,ok
2018,20180702,042660,한화오션,ok
2018,20180702,042670,HD현대인프라코어,ok
2018,20180702,047040,대우건설,ok
2018,20180702,047050,포스코인터내셔널,ok
2018,20180702,047810,한국항공우주,ok
2018,20180702,049770,동원F&B,ok
2018,20180702,051600,한전KPS,ok
2018,20180702,051900,LG생활건강,ok
2018,20180702,051910,LG화학,ok
2018,20180702,052690,한전기술,ok
2018,20180702,055550,신한지주,ok
2018,20180702,057050,현대홈쇼핑,ok
2018,20180702,060980,HL홀딩스,ok
2018,20180702,064350,현대로템,ok
2018,20180702,064960,SNT모티브,ok
2018,20180702,066570,LG전자,ok
2018,20180702,068270,셀트리온,ok
2018,20180702,069260,TKG휴켐스,ok
2018,20180702,069620,대웅제약,ok
2018,20180702,069960,현대백화점,ok
2018,20180702,071050,한국금융지주,ok
2018,20180702,071840,롯데하이마트,ok
2018,20180702,073240,금호타이어,ok
2018,20180702,078930,GS,ok
2018,20180702,079160,CJ CGV,ok
2018,20180702,079430,현대리바트,ok
2018,20180702,079550,LIG디펜스앤에어로스페이스,ok
2018,20180702,086280,현대글로비스,ok
2018,20180702,086790,하나금융지주,ok
2018,20180702,088350,한화생명,ok
2018,20180702,090430,아모레퍼시픽,ok
2018,20180702,093050,LF,ok
2018,20180702,093370,후성,ok
2018,20180702,096760,JW홀딩스,ok
2018,20180702,096770,SK이노베이션,ok
2018,20180702,097230,HJ중공업,ok
2018,20180702,097950,CJ제일제당,ok
2018,20180702,103140,풍산,ok
2018,20180702,105560,KB금융,ok
2018,20180702,105630,한세실업,ok
2018,20180702,108670,LX하우시스,ok
2018,20180702,111770,영원무역,ok
2018,20180702,114090,GKL,ok
2018,20180702,115390,락앤락,ok
2018,20180702,120110,코오롱인더,ok
2018,20180702,128940,한미약품,ok
2018,20180702,138930,BNK금융지주,ok
2018,20180702,139480,이마트,ok
2018,20180702,145990,삼양사,ok
2018,20180702,161390,한국타이어앤테크놀로지,ok
2018,20180702,161890,한국콜마,ok
2018,20180702,170900,동아에스티,ok
2018,20180702,185750,종근당,ok
2018,20180702,192400,쿠쿠홀딩스,ok
2018,20180702,192820,코스맥스,ok
2018,20180702,204320,HL만도,ok
2018,20180702,207940,삼성바이오로직스,ok
2018,20180702,214320,이노션,ok
2018,20180702,241560,두산밥캣,ok
2018,20180702,251270,넷마블,ok
2018,20180702,267250,HD현대,ok
2018,20180702,271560,오리온,ok
2018,20180702,282330,BGF리테일,ok
2018,20180702,285130,SK케미칼,ok
2018,20180702,294870,IPARK현대산업개발,ok
2019,20190701,000070,삼양홀딩스,ok
2019,20190701,000080,하이트진로,ok
2019,20190701,000100,유한양행,ok
2019,20190701,000120,CJ대한통운,ok
2019,20190701,000150,두산,ok
2019,20190701,000210,DL,ok
2019,20190701,000240,한국앤컴퍼니,ok
2019,20190701,000270,기아,ok
2019,20190701,000640,동아쏘시오홀딩스,ok
2019,20190701,000660,SK하이닉스,ok
2019,20190701,000670,영풍,ok
2019,20190701,000720,현대건설,ok
2019,20190701,000810,삼성화재,ok
2019,20190701,000880,한화,ok
2019,20190701,000990,DB하이텍,ok
2019,20190701,001040,CJ,ok
2019,20190701,001060,JW중외제약,ok
2019,20190701,001120,LX인터내셔널,ok
2019,20190701,001230,동국홀딩스,ok
2019,20190701,001430,세아베스틸지주,ok
2019,20190701,001450,현대해상,ok
2019,20190701,001520,동양,ok
2019,20190701,001680,대상,ok
2019,20190701,001740,SK네트웍스,ok
2019,20190701,001800,오리온홀딩스,ok
2019,20190701,002240,고려제강,ok
2019,20190701,002270,롯데푸드,ok
2019,20190701,002350,넥센타이어,ok
2019,20190701,002380,KCC,ok
2019,20190701,002790,아모레퍼시픽홀딩스,ok
2019,20190701,002960,한국쉘석유,ok
2019,20190701,003000,부광약품,ok
2019,20190701,003240,태광산업,ok
2019,20190701,003410,쌍용C&E,ok
2019,20190701,003490,대한항공,ok
2019,20190701,003520,영진약품,ok
2019,20190701,003550,LG,ok
2019,20190701,003620,KG모빌리티,ok
2019,20190701,003850,보령,ok
2019,20190701,003920,남양유업,ok
2019,20190701,004000,롯데정밀화학,ok
2019,20190701,004020,현대제철,ok
2019,20190701,004170,신세계,ok
2019,20190701,004370,농심,ok
2019,20190701,004490,세방전지,ok
2019,20190701,004800,효성,ok
2019,20190701,004990,롯데지주,ok
2019,20190701,005180,빙그레,ok
2019,20190701,005250,녹십자홀딩스,ok
2019,20190701,005300,롯데칠성,ok
2019,20190701,005380,현대차,ok
2019,20190701,005440,현대지에프홀딩스,ok
2019,20190701,005490,POSCO홀딩스,ok
2019,20190701,005610,삼립,ok
2019,20190701,005830,DB손해보험,ok
2019,20190701,005850,에스엘,ok
2019,20190701,005930,삼성전자,ok
2019,20190701,005940,NH투자증권,ok
2019,20190701,006120,SK디스커버리,ok
2019,20190701,006260,LS,ok
2019,20190701,006280,녹십자,ok
2019,20190701,006360,GS건설,ok
2019,20190701,006390,한일현대시멘트,ok
2019,20190701,006400,삼성SDI,ok
2019,20190701,006650,대한유화,ok
2019,20190701,006800,미래에셋증권,ok
2019,20190701,006840,AK홀딩스,ok
2019,20190701,007070,GS리테일,ok
2019,20190701,007310,오뚜기,ok
2019,20190701,007570,일양약품,ok
2019,20190701,008060,대덕,ok
2019,20190701,008560,메리츠증권,ok
2019,20190701,008770,호텔신라,ok
2019,20190701,008930,한미사이언스,ok
2019,20190701,009150,삼성전기,ok
2019,20190701,009240,한샘,ok
2019,20190701,009420,한올바이오파마,ok
2019,20190701,009540,HD한국조선해양,ok
2019,20190701,009830,한화솔루션,ok
2019,20190701,010060,OCI홀딩스,ok
2019,20190701,010120,LS ELECTRIC,ok
2019,20190701,010130,고려아연,ok
2019,20190701,010140,삼성중공업,ok
2019,20190701,010620,HD현대미포,ok
2019,20190701,010780,아이에스동서,ok
2019,20190701,010950,S-Oil,ok
2019,20190701,011070,LG이노텍,ok
2019,20190701,011170,롯데케미칼,ok
2019,20190701,011210,현대위아,ok
2019,20190701,011780,금호석유화학,ok
2019,20190701,011790,SKC,ok
2019,20190701,012330,현대모비스,ok
2019,20190701,012450,한화에어로스페이스,ok
2019,20190701,012630,HDC,ok
2019,20190701,012750,에스원,ok
2019,20190701,014680,한솔케미칼,ok
2019,20190701,014820,동원시스템즈,ok
2019,20190701,014830,유니드,ok
2019,20190701,015760,한국전력,ok
2019,20190701,016360,삼성증권,ok
2019,20190701,017670,SK텔레콤,ok
2019,20190701,017800,현대엘리베이터,ok
2019,20190701,018250,애경산업,ok
2019,20190701,018260,삼성에스디에스,ok
2019,20190701,018880,한온시스템,ok
2019,20190701,019680,대교,ok
2019,20190701,020000,한섬,ok
2019,20190701,020150,롯데에너지머티리얼즈,ok
2019,20190701,021240,코웨이,ok
2019,20190701,023530,롯데쇼핑,ok
2019,20190701,024110,기업은행,ok
2019,20190701,025540,한국단자,ok
2019,20190701,025860,남해화학,ok
2019,20190701,026960,동서,ok
2019,20190701,027410,BGF,ok
2019,20190701,028050,삼성E&A,ok
2019,20190701,028260,삼성물산,ok
2019,20190701,028670,팬오션,ok
2019,20190701,029780,삼성카드,ok
2019,20190701,030000,제일기획,ok
2019,20190701,030200,KT,ok
2019,20190701,031430,신세계인터내셔날,ok
2019,20190701,032640,LG유플러스,ok
2019,20190701,032830,삼성생명,ok
2019,20190701,033780,KT&G,ok
2019,20190701,034020,두산에너빌리티,ok
2019,20190701,034220,LG디스플레이,ok
2019,20190701,034730,SK,ok
2019,20190701,035250,강원랜드,ok
2019,20190701,035420,NAVER,ok
2019,20190701,035720,카카오,ok
2019,20190701,036460,한국가스공사,ok
2019,20190701,036570,NC,ok
2019,20190701,042660,한화오션,ok
2019,20190701,042670,HD현대인프라코어,ok
2019,20190701,047040,대우건설,ok
2019,20190701,047050,포스코인터내셔널,ok
2019,20190701,047810,한국항공우주,ok
2019,20190701,049770,동원F&B,ok
2019,20190701,051600,한전KPS,ok
2019,20190701,051900,LG생활건강,ok
2019,20190701,051910,LG화학,ok
2019,20190701,052690,한전기술,ok
2019,20190701,055550,신한지주,ok
2019,20190701,057050,현대홈쇼핑,ok
2019,20190701,060980,HL홀딩스,ok
2019,20190701,064350,현대로템,ok
2019,20190701,064960,SNT모티브,ok
2019,20190701,066570,LG전자,ok
2019,20190701,068270,셀트리온,ok
2019,20190701,069260,TKG휴켐스,ok
2019,20190701,069620,대웅제약,ok
2019,20190701,069960,현대백화점,ok
2019,20190701,071050,한국금융지주,ok
2019,20190701,071840,롯데하이마트,ok
2019,20190701,073240,금호타이어,ok
2019,20190701,078930,GS,ok
2019,20190701,079160,CJ CGV,ok
2019,20190701,079430,현대리바트,ok
2019,20190701,079550,LIG디펜스앤에어로스페이스,ok
2019,20190701,081660,미스토홀딩스,ok
2019,20190701,086280,현대글로비스,ok
2019,20190701,086790,하나금융지주,ok
2019,20190701,088350,한화생명,ok
2019,20190701,090430,아모레퍼시픽,ok
2019,20190701,093050,LF,ok
2019,20190701,093370,후성,ok
2019,20190701,096760,JW홀딩스,ok
2019,20190701,096770,SK이노베이션,ok
2019,20190701,097950,CJ제일제당,ok
2019,20190701,103140,풍산,ok
2019,20190701,105560,KB금융,ok
2019,20190701,105630,한세실업,ok
2019,20190701,108670,LX하우시스,ok
2019,20190701,111770,영원무역,ok
2019,20190701,114090,GKL,ok
2019,20190701,115390,락앤락,ok
2019,20190701,120110,코오롱인더,ok
2019,20190701,128940,한미약품,ok
2019,20190701,138930,BNK금융지주,ok
2019,20190701,139480,이마트,ok
2019,20190701,145990,삼양사,ok
2019,20190701,161390,한국타이어앤테크놀로지,ok
2019,20190701,161890,한국콜마,ok
2019,20190701,170900,동아에스티,ok
2019,20190701,185750,종근당,ok
2019,20190701,192400,쿠쿠홀딩스,ok
2019,20190701,192820,코스맥스,ok
2019,20190701,204320,HL만도,ok
2019,20190701,207940,삼성바이오로직스,ok
2019,20190701,214320,이노션,ok
2019,20190701,241560,두산밥캣,ok
2019,20190701,251270,넷마블,ok
2019,20190701,267250,HD현대,ok
2019,20190701,271560,오리온,ok
2019,20190701,282330,BGF리테일,ok
2019,20190701,285130,SK케미칼,ok
2019,20190701,294870,IPARK현대산업개발,ok
2019,20190701,298040,효성중공업,ok
2019,20190701,316140,우리금융지주,ok
2020,20200701,000070,삼양홀딩스,ok
2020,20200701,000080,하이트진로,ok
2020,20200701,000100,유한양행,ok
2020,20200701,000120,CJ대한통운,ok
2020,20200701,000150,두산,ok
2020,20200701,000210,DL,ok
2020,20200701,000240,한국앤컴퍼니,ok
2020,20200701,000270,기아,ok
2020,20200701,000640,동아쏘시오홀딩스,ok
2020,20200701,000660,SK하이닉스,ok
2020,20200701,000670,영풍,ok
2020,20200701,000720,현대건설,ok
2020,20200701,000810,삼성화재,ok
2020,20200701,000880,한화,ok
2020,20200701,000990,DB하이텍,ok
2020,20200701,001040,CJ,ok
2020,20200701,001060,JW중외제약,ok
2020,20200701,001120,LX인터내셔널,ok
2020,20200701,001230,동국홀딩스,ok
2020,20200701,001430,세아베스틸지주,ok
2020,20200701,001450,현대해상,ok
2020,20200701,001680,대상,ok
2020,20200701,001740,SK네트웍스,ok
2020,20200701,001800,오리온홀딩스,ok
2020,20200701,002240,고려제강,ok
2020,20200701,002270,롯데푸드,ok
2020,20200701,002350,넥센타이어,ok
2020,20200701,002380,KCC,ok
2020,20200701,002790,아모레퍼시픽홀딩스,ok
2020,20200701,003000,부광약품,ok
2020,20200701,003240,태광산업,ok
2020,20200701,003410,쌍용C&E,ok
2020,20200701,003490,대한항공,ok
2020,20200701,003520,영진약품,ok
2020,20200701,003550,LG,ok
2020,20200701,003670,포스코퓨처엠,ok
2020,20200701,003850,보령,ok
2020,20200701,004000,롯데정밀화학,ok
2020,20200701,004020,현대제철,ok
2020,20200701,004170,신세계,ok
2020,20200701,004370,농심,ok
2020,20200701,004490,세방전지,ok
2020,20200701,004800,효성,ok
2020,20200701,004990,롯데지주,ok
2020,20200701,005180,빙그레,ok
2020,20200701,005250,녹십자홀딩스,ok
2020,20200701,005300,롯데칠성,ok
2020,20200701,005380,현대차,ok
2020,20200701,005440,현대지에프홀딩스,ok
2020,20200701,005490,POSCO홀딩스,ok
2020,20200701,005610,삼립,ok
2020,20200701,005830,DB손해보험,ok
2020,20200701,005930,삼성전자,ok
2020,20200701,005940,NH투자증권,ok
2020,20200701,006120,SK디스커버리,ok
2020,20200701,006260,LS,ok
2020,20200701,006280,녹십자,ok
2020,20200701,006360,GS건설,ok
2020,20200701,006390,한일현대시멘트,ok
2020,20200701,006400,삼성SDI,ok
2020,20200701,006650,대한유화,ok
2020,20200701,006800,미래에셋증권,ok
2020,20200701,007070,GS리테일,ok
2020,20200701,007310,오뚜기,ok
2020,20200701,007570,일양약품,ok
2020,20200701,007700,F&F홀딩스,ok
2020,20200701,008560,메리츠증권,ok
2020,20200701,008770,호텔신라,ok
2020,20200701,008930,한미사이언스,ok
2020,20200701,009150,삼성전기,ok
2020,20200701,009240,한샘,ok
2020,20200701,009410,태영건설,ok
2020,20200701,009420,한올바이오파마,ok
2020,20200701,009540,HD한국조선해양,ok
2020,20200701,009830,한화솔루션,ok
2020,20200701,010060,OCI홀딩스,ok
2020,20200701,010120,LS ELECTRIC,ok
2020,20200701,010130,고려아연,ok
2020,20200701,010140,삼성중공업,ok
2020,20200701,010620,HD현대미포,ok
2020,20200701,010780,아이에스동서,ok
2020,20200701,010950,S-Oil,ok
2020,20200701,011070,LG이노텍,ok
2020,20200701,011170,롯데케미칼,ok
2020,20200701,011200,HMM,ok
2020,20200701,011210,현대위아,ok
2020,20200701,011780,금호석유화학,ok
2020,20200701,011790,SKC,ok
2020,20200701,012330,현대모비스,ok
2020,20200701,012450,한화에어로스페이스,ok
2020,20200701,012630,HDC,ok
2020,20200701,012750,에스원,ok
2020,20200701,014680,한솔케미칼,ok
2020,20200701,014820,동원시스템즈,ok
2020,20200701,014830,유니드,ok
2020,20200701,015760,한국전력,ok
2020,20200701,016360,삼성증권,ok
2020,20200701,016380,KG스틸,ok
2020,20200701,017670,SK텔레콤,ok
2020,20200701,017800,현대엘리베이터,ok
2020,20200701,018250,애경산업,ok
2020,20200701,018260,삼성에스디에스,ok
2020,20200701,018880,한온시스템,ok
2020,20200701,019680,대교,ok
2020,20200701,020000,한섬,ok
2020,20200701,020150,롯데에너지머티리얼즈,ok
2020,20200701,020560,아시아나항공,ok
2020,20200701,021240,코웨이,ok
2020,20200701,023530,롯데쇼핑,ok
2020,20200701,024110,기업은행,ok
2020,20200701,025860,남해화학,ok
2020,20200701,026960,동서,ok
2020,20200701,027410,BGF,ok
2020,20200701,028050,삼성E&A,ok
2020,20200701,028260,삼성물산,ok
2020,20200701,028670,팬오션,ok
2020,20200701,029780,삼성카드,ok
2020,20200701,030000,제일기획,ok
2020,20200701,030200,KT,ok
2020,20200701,031430,신세계인터내셔날,ok
2020,20200701,032350,롯데관광개발,ok
2020,20200701,032640,LG유플러스,ok
2020,20200701,032830,삼성생명,ok
2020,20200701,033780,KT&G,ok
2020,20200701,034020,두산에너빌리티,ok
2020,20200701,034220,LG디스플레이,ok
2020,20200701,034730,SK,ok
2020,20200701,035250,강원랜드,ok
2020,20200701,035420,NAVER,ok
2020,20200701,035720,카카오,ok
2020,20200701,036460,한국가스공사,ok
2020,20200701,036570,NC,ok
2020,20200701,042660,한화오션,ok
2020,20200701,042670,HD현대인프라코어,ok
2020,20200701,047040,대우건설,ok
2020,20200701,047050,포스코인터내셔널,ok
2020,20200701,047810,한국항공우주,ok
2020,20200701,049770,동원F&B,ok
2020,20200701,051600,한전KPS,ok
2020,20200701,051900,LG생활건강,ok
2020,20200701,051910,LG화학,ok
2020,20200701,052690,한전기술,ok
2020,20200701,055550,신한지주,ok
2020,20200701,057050,현대홈쇼핑,ok
2020,20200701,060980,HL홀딩스,ok
2020,20200701,064350,현대로템,ok
2020,20200701,064960,SNT모티브,ok
2020,20200701,066570,LG전자,ok
2020,20200701,068270,셀트리온,ok
2020,20200701,069260,TKG휴켐스,ok
2020,20200701,069620,대웅제약,ok
2020,20200701,069960,현대백화점,ok
2020,20200701,071050,한국금융지주,ok
2020,20200701,071840,롯데하이마트,ok
2020,20200701,073240,금호타이어,ok
2020,20200701,078930,GS,ok
2020,20200701,079160,CJ CGV,ok
2020,20200701,079550,LIG디펜스앤에어로스페이스,ok
2020,20200701,081660,미스토홀딩스,ok
2020,20200701,086280,현대글로비스,ok
2020,20200701,086790,하나금융지주,ok
2020,20200701,088350,한화생명,ok
2020,20200701,090430,아모레퍼시픽,ok
2020,20200701,093050,LF,ok
2020,20200701,093370,후성,ok
2020,20200701,096770,SK이노베이션,ok
2020,20200701,097950,CJ제일제당,ok
2020,20200701,103140,풍산,ok
2020,20200701,105560,KB금융,ok
2020,20200701,105630,한세실업,ok
2020,20200701,108670,LX하우시스,ok
2020,20200701,111770,영원무역,ok
2020,20200701,114090,GKL,ok
2020,20200701,115390,락앤락,ok
2020,20200701,120110,코오롱인더,ok
2020,20200701,128940,한미약품,ok
2020,20200701,138930,BNK금융지주,ok
2020,20200701,139480,이마트,ok
2020,20200701,145990,삼양사,ok
2020,20200701,161390,한국타이어앤테크놀로지,ok
2020,20200701,161890,한국콜마,ok
2020,20200701,170900,동아에스티,ok
2020,20200701,180640,한진칼,ok
2020,20200701,185750,종근당,ok
2020,20200701,192080,더블유게임즈,ok
2020,20200701,192400,쿠쿠홀딩스,ok
2020,20200701,192820,코스맥스,ok
2020,20200701,204320,HL만도,ok
2020,20200701,207940,삼성바이오로직스,ok
2020,20200701,214320,이노션,ok
2020,20200701,241560,두산밥캣,ok
2020,20200701,241590,화승엔터프라이즈,ok
2020,20200701,251270,넷마블,ok
2020,20200701,267250,HD현대,ok
2020,20200701,271560,오리온,ok
2020,20200701,282330,BGF리테일,ok
2020,20200701,284740,쿠쿠홈시스,ok
2020,20200701,285130,SK케미칼,ok
2020,20200701,294870,IPARK현대산업개발,ok
2020,20200701,316140,우리금융지주,ok
2021,20210701,000070,삼양홀딩스,ok
2021,20210701,000080,하이트진로,ok
2021,20210701,000100,유한양행,ok
2021,20210701,000120,CJ대한통운,ok
2021,20210701,000150,두산,ok
2021,20210701,000210,DL,ok
2021,20210701,000240,한국앤컴퍼니,ok
2021,20210701,000270,기아,ok
2021,20210701,000660,SK하이닉스,ok
2021,20210701,000670,영풍,ok
2021,20210701,000720,현대건설,ok
2021,20210701,000810,삼성화재,ok
2021,20210701,000880,한화,ok
2021,20210701,000990,DB하이텍,ok
2021,20210701,001040,CJ,ok
2021,20210701,001060,JW중외제약,ok
2021,20210701,001120,LX인터내셔널,ok
2021,20210701,001230,동국홀딩스,ok
2021,20210701,001440,대한전선,ok
2021,20210701,001450,현대해상,ok
2021,20210701,001680,대상,ok
2021,20210701,001740,SK네트웍스,ok
2021,20210701,001800,오리온홀딩스,ok
2021,20210701,002350,넥센타이어,ok
2021,20210701,002380,KCC,ok
2021,20210701,002790,아모레퍼시픽홀딩스,ok
2021,20210701,003000,부광약품,ok
2021,20210701,003090,대웅,ok
2021,20210701,003230,삼양식품,ok
2021,20210701,003240,태광산업,ok
2021,20210701,003410,쌍용C&E,ok
2021,20210701,003490,대한항공,ok
2021,20210701,003520,영진약품,ok
2021,20210701,003550,LG,ok
2021,20210701,003670,포스코퓨처엠,ok
2021,20210701,003850,보령,ok
2021,20210701,004000,롯데정밀화학,ok
2021,20210701,004020,현대제철,ok
2021,20210701,004170,신세계,ok
2021,20210701,004370,농심,ok
2021,20210701,004490,세방전지,ok
2021,20210701,004800,효성,ok
2021,20210701,004990,롯데지주,ok
2021,20210701,005250,녹십자홀딩스,ok
2021,20210701,005300,롯데칠성,ok
2021,20210701,005380,현대차,ok
2021,20210701,005440,현대지에프홀딩스,ok
2021,20210701,005490,POSCO홀딩스,ok
2021,20210701,005830,DB손해보험,ok
2021,20210701,005930,삼성전자,ok
2021,20210701,005940,NH투자증권,ok
2021,20210701,006040,동원산업,ok
2021,20210701,006120,SK디스커버리,ok
2021,20210701,006260,LS,ok
2021,20210701,006280,녹십자,ok
2021,20210701,006360,GS건설,ok
2021,20210701,006400,삼성SDI,ok
2021,20210701,006650,대한유화,ok
2021,20210701,006800,미래에셋증권,ok
2021,20210701,007070,GS리테일,ok
2021,20210701,007310,오뚜기,ok
2021,20210701,007570,일양약품,ok
2021,20210701,007700,F&F홀딩스,ok
2021,20210701,008560,메리츠증권,ok
2021,20210701,008770,호텔신라,ok
2021,20210701,008930,한미사이언스,ok
2021,20210701,009150,삼성전기,ok
2021,20210701,009240,한샘,ok
2021,20210701,009420,한올바이오파마,ok
2021,20210701,009540,HD한국조선해양,ok
2021,20210701,009830,한화솔루션,ok
2021,20210701,010060,OCI홀딩스,ok
2021,20210701,010120,LS ELECTRIC,ok
2021,20210701,010130,고려아연,ok
2021,20210701,010140,삼성중공업,ok
2021,20210701,010620,HD현대미포,ok
2021,20210701,010780,아이에스동서,ok
2021,20210701,010950,S-Oil,ok
2021,20210701,011070,LG이노텍,ok
2021,20210701,011170,롯데케미칼,ok
2021,20210701,011200,HMM,ok
2021,20210701,011210,현대위아,ok
2021,20210701,011780,금호석유화학,ok
2021,20210701,011790,SKC,ok
2021,20210701,012330,현대모비스,ok
2021,20210701,012450,한화에어로스페이스,ok
2021,20210701,012750,에스원,ok
2021,20210701,013890,지누스,ok
2021,20210701,014680,한솔케미칼,ok
2021,20210701,014820,동원시스템즈,ok
2021,20210701,015760,한국전력,ok
2021,20210701,016360,삼성증권,ok
2021,20210701,016380,KG스틸,ok
2021,20210701,017670,SK텔레콤,ok
2021,20210701,017800,현대엘리베이터,ok
2021,20210701,018260,삼성에스디에스,ok
2021,20210701,018880,한온시스템,ok
2021,20210701,019170,신풍제약,ok
2021,20210701,020000,한섬,ok
2021,20210701,020150,롯데에너지머티리얼즈,ok
2021,20210701,020560,아시아나항공,ok
2021,20210701,021240,코웨이,ok
2021,20210701,023530,롯데쇼핑,ok
2021,20210701,024110,기업은행,ok
2021,20210701,026960,동서,ok
2021,20210701,028050,삼성E&A,ok
2021,20210701,028260,삼성물산,ok
2021,20210701,028670,팬오션,ok
2021,20210701,029780,삼성카드,ok
2021,20210701,030000,제일기획,ok
2021,20210701,030200,KT,ok
2021,20210701,031430,신세계인터내셔날,ok
2021,20210701,032350,롯데관광개발,ok
2021,20210701,032640,LG유플러스,ok
2021,20210701,032830,삼성생명,ok
2021,20210701,033780,KT&G,ok
2021,20210701,034020,두산에너빌리티,ok
2021,20210701,034220,LG디스플레이,ok
2021,20210701,034730,SK,ok
2021,20210701,035250,강원랜드,ok
2021,20210701,035420,NAVER,ok
2021,20210701,035720,카카오,ok
2021,20210701,036460,한국가스공사,ok
2021,20210701,036570,NC,ok
2021,20210701,039490,키움증권,ok
2021,20210701,042660,한화오션,ok
2021,20210701,042670,HD현대인프라코어,ok
2021,20210701,047040,대우건설,ok
2021,20210701,047050,포스코인터내셔널,ok
2021,20210701,047810,한국항공우주,ok
2021,20210701,049770,동원F&B,ok
2021,20210701,051600,한전KPS,ok
2021,20210701,051900,LG생활건강,ok
2021,20210701,051910,LG화학,ok
2021,20210701,052690,한전기술,ok
2021,20210701,055550,신한지주,ok
2021,20210701,057050,현대홈쇼핑,ok
2021,20210701,064350,현대로템,ok
2021,20210701,064960,SNT모티브,ok
2021,20210701,066570,LG전자,ok
2021,20210701,068270,셀트리온,ok
2021,20210701,069260,TKG휴켐스,ok
2021,20210701,069620,대웅제약,ok
2021,20210701,069960,현대백화점,ok
2021,20210701,071050,한국금융지주,ok
2021,20210701,071840,롯데하이마트,ok
2021,20210701,073240,금호타이어,ok
2021,20210701,078930,GS,ok
2021,20210701,079160,CJ CGV,ok
2021,20210701,079550,LIG디펜스앤에어로스페이스,ok
2021,20210701,081660,미스토홀딩스,ok
2021,20210701,086280,현대글로비스,ok
2021,20210701,086790,하나금융지주,ok
2021,20210701,088350,한화생명,ok
2021,20210701,090430,아모레퍼시픽,ok
2021,20210701,093370,후성,ok
2021,20210701,096770,SK이노베이션,ok
2021,20210701,097950,CJ제일제당,ok
2021,20210701,103140,풍산,ok
2021,20210701,105560,KB금융,ok
2021,20210701,105630,한세실업,ok
2021,20210701,108670,LX하우시스,ok
2021,20210701,111770,영원무역,ok
2021,20210701,112610,씨에스윈드,ok
2021,20210701,114090,GKL,ok
2021,20210701,115390,락앤락,ok
2021,20210701,120110,코오롱인더,ok
2021,20210701,128940,한미약품,ok
2021,20210701,138930,BNK금융지주,ok
2021,20210701,139480,이마트,ok
2021,20210701,161390,한국타이어앤테크놀로지,ok
2021,20210701,161890,한국콜마,ok
2021,20210701,180640,한진칼,ok
2021,20210701,185750,종근당,ok
2021,20210701,192080,더블유게임즈,ok
2021,20210701,192400,쿠쿠홀딩스,ok
2021,20210701,192820,코스맥스,ok
2021,20210701,204320,HL만도,ok
2021,20210701,207940,삼성바이오로직스,ok
2021,20210701,214320,이노션,ok
2021,20210701,241560,두산밥캣,ok
2021,20210701,241590,화승엔터프라이즈,ok
2021,20210701,251270,넷마블,ok
2021,20210701,267250,HD현대,ok
2021,20210701,271560,오리온,ok
2021,20210701,272210,한화시스템,ok
2021,20210701,282330,BGF리테일,ok
2021,20210701,284740,쿠쿠홈시스,ok
2021,20210701,285130,SK케미칼,ok
2021,20210701,294870,IPARK현대산업개발,ok
2021,20210701,298020,효성티앤씨,ok
2021,20210701,298050,HS효성첨단소재,ok
2021,20210701,302440,SK바이오사이언스,ok
2021,20210701,316140,우리금융지주,ok
2021,20210701,326030,SK바이오팜,ok
2021,20210701,336260,두산퓨얼셀,ok
2021,20210701,352820,하이브,ok
2021,20210701,361610,SK아이이테크놀로지,ok
2021,20210701,375500,DL이앤씨,ok
2021,20210701,383800,LX홀딩스,ok
2022,20220701,000060,메리츠화재,ok
2022,20220701,000070,삼양홀딩스,ok
2022,20220701,000080,하이트진로,ok
2022,20220701,000100,유한양행,ok
2022,20220701,000120,CJ대한통운,ok
2022,20220701,000150,두산,ok
2022,20220701,000210,DL,ok
2022,20220701,000240,한국앤컴퍼니,ok
2022,20220701,000270,기아,ok
2022,20220701,000660,SK하이닉스,ok
2022,20220701,000670,영풍,ok
2022,20220701,000720,현대건설,ok
2022,20220701,000810,삼성화재,ok
2022,20220701,000880,한화,ok
2022,20220701,000990,DB하이텍,ok
2022,20220701,001040,CJ,ok
2022,20220701,001120,LX인터내셔널,ok
2022,20220701,001230,동국홀딩스,ok
2022,20220701,001440,대한전선,ok
2022,20220701,001450,현대해상,ok
2022,20220701,001680,대상,ok
2022,20220701,001740,SK네트웍스,ok
2022,20220701,001800,오리온홀딩스,ok
2022,20220701,002380,KCC,ok
2022,20220701,002790,아모레퍼시픽홀딩스,ok
2022,20220701,003090,대웅,ok
2022,20220701,003240,태광산업,ok
2022,20220701,003410,쌍용C&E,ok
2022,20220701,003490,대한항공,ok
2022,20220701,003550,LG,ok
2022,20220701,003670,포스코퓨처엠,ok
2022,20220701,003850,보령,ok
2022,20220701,004000,롯데정밀화학,ok
2022,20220701,004020,현대제철,ok
2022,20220701,004170,신세계,ok
2022,20220701,004370,농심,ok
2022,20220701,004490,세방전지,ok
2022,20220701,004800,효성,ok
2022,20220701,004990,롯데지주,ok
2022,20220701,005250,녹십자홀딩스,ok
2022,20220701,005300,롯데칠성,ok
2022,20220701,005380,현대차,ok
2022,20220701,005440,현대지에프홀딩스,ok
2022,20220701,005490,POSCO홀딩스,ok
2022,20220701,005830,DB손해보험,ok
2022,20220701,005850,에스엘,ok
2022,20220701,005930,삼성전자,ok
2022,20220701,005940,NH투자증권,ok
2022,20220701,006040,동원산업,ok
2022,20220701,006260,LS,ok
2022,20220701,006280,녹십자,ok
2022,20220701,006360,GS건설,ok
2022,20220701,006400,삼성SDI,ok
2022,20220701,006650,대한유화,ok
2022,20220701,006800,미래에셋증권,ok
2022,20220701,007070,GS리테일,ok
2022,20220701,007310,오뚜기,ok
2022,20220701,008560,메리츠증권,ok
2022,20220701,008770,호텔신라,ok
2022,20220701,008930,한미사이언스,ok
2022,20220701,009150,삼성전기,ok
2022,20220701,009240,한샘,ok
2022,20220701,009420,한올바이오파마,ok
2022,20220701,009540,HD한국조선해양,ok
2022,20220701,009830,한화솔루션,ok
2022,20220701,009900,명신산업,ok
2022,20220701,010060,OCI홀딩스,ok
2022,20220701,010120,LS ELECTRIC,ok
2022,20220701,010130,고려아연,ok
2022,20220701,010140,삼성중공업,ok
2022,20220701,010620,HD현대미포,ok
2022,20220701,010780,아이에스동서,ok
2022,20220701,010950,S-Oil,ok
2022,20220701,011070,LG이노텍,ok
2022,20220701,011170,롯데케미칼,ok
2022,20220701,011200,HMM,ok
2022,20220701,011210,현대위아,ok
2022,20220701,011780,금호석유화학,ok
2022,20220701,011790,SKC,ok
2022,20220701,012330,현대모비스,ok
2022,20220701,012450,한화에어로스페이스,ok
2022,20220701,012750,에스원,ok
2022,20220701,013890,지누스,ok
2022,20220701,014680,한솔케미칼,ok
2022,20220701,014820,동원시스템즈,ok
2022,20220701,015760,한국전력,ok
2022,20220701,016360,삼성증권,ok
2022,20220701,016380,KG스틸,ok
2022,20220701,017670,SK텔레콤,ok
2022,20220701,017800,현대엘리베이터,ok
2022,20220701,018260,삼성에스디에스,ok
2022,20220701,018880,한온시스템,ok
2022,20220701,019170,신풍제약,ok
2022,20220701,020000,한섬,ok
2022,20220701,020150,롯데에너지머티리얼즈,ok
2022,20220701,020560,아시아나항공,ok
2022,20220701,021240,코웨이,ok
2022,20220701,023530,롯데쇼핑,ok
2022,20220701,024110,기업은행,ok
2022,20220701,026960,동서,ok
2022,20220701,028050,삼성E&A,ok
2022,20220701,028260,삼성물산,ok
2022,20220701,028670,팬오션,ok
2022,20220701,029780,삼성카드,ok
2022,20220701,030000,제일기획,ok
2022,20220701,030200,KT,ok
2022,20220701,031430,신세계인터내셔날,ok
2022,20220701,032350,롯데관광개발,ok
2022,20220701,032640,LG유플러스,ok
2022,20220701,032830,삼성생명,ok
2022,20220701,033780,KT&G,ok
2022,20220701,034020,두산에너빌리티,ok
2022,20220701,034220,LG디스플레이,ok
2022,20220701,034730,SK,ok
2022,20220701,035250,강원랜드,ok
2022,20220701,035420,NAVER,ok
2022,20220701,035720,카카오,ok
2022,20220701,036460,한국가스공사,ok
2022,20220701,036570,NC,ok
2022,20220701,039130,하나투어,ok
2022,20220701,039490,키움증권,ok
2022,20220701,042660,한화오션,ok
2022,20220701,042670,HD현대인프라코어,ok
2022,20220701,047040,대우건설,ok
2022,20220701,047050,포스코인터내셔널,ok
2022,20220701,047810,한국항공우주,ok
2022,20220701,051600,한전KPS,ok
2022,20220701,051900,LG생활건강,ok
2022,20220701,051910,LG화학,ok
2022,20220701,052690,한전기술,ok
2022,20220701,055550,신한지주,ok
2022,20220701,057050,현대홈쇼핑,ok
2022,20220701,064350,현대로템,ok
2022,20220701,066570,LG전자,ok
2022,20220701,068270,셀트리온,ok
2022,20220701,069260,TKG휴켐스,ok
2022,20220701,069620,대웅제약,ok
2022,20220701,069960,현대백화점,ok
2022,20220701,071050,한국금융지주,ok
2022,20220701,073240,금호타이어,ok
2022,20220701,078930,GS,ok
2022,20220701,079550,LIG디펜스앤에어로스페이스,ok
2022,20220701,081660,미스토홀딩스,ok
2022,20220701,086280,현대글로비스,ok
2022,20220701,086790,하나금융지주,ok
2022,20220701,088350,한화생명,ok
2022,20220701,090430,아모레퍼시픽,ok
2022,20220701,093370,후성,ok
2022,20220701,096770,SK이노베이션,ok
2022,20220701,097950,CJ제일제당,ok
2022,20220701,103140,풍산,ok
2022,20220701,105560,KB금융,ok
2022,20220701,105630,한세실업,ok
2022,20220701,111770,영원무역,ok
2022,20220701,112610,씨에스윈드,ok
2022,20220701,114090,GKL,ok
2022,20220701,120110,코오롱인더,ok
2022,20220701,128940,한미약품,ok
2022,20220701,137310,에스디바이오센서,ok
2022,20220701,138040,메리츠금융지주,ok
2022,20220701,138930,BNK금융지주,ok
2022,20220701,139480,이마트,ok
2022,20220701,161390,한국타이어앤테크놀로지,ok
2022,20220701,161890,한국콜마,ok
2022,20220701,178920,PI첨단소재,ok
2022,20220701,180640,한진칼,ok
2022,20220701,185750,종근당,ok
2022,20220701,192080,더블유게임즈,ok
2022,20220701,192820,코스맥스,ok
2022,20220701,204320,HL만도,ok
2022,20220701,207940,삼성바이오로직스,ok
2022,20220701,241560,두산밥캣,ok
2022,20220701,241590,화승엔터프라이즈,ok
2022,20220701,251270,넷마블,ok
2022,20220701,259960,크래프톤,ok
2022,20220701,267250,HD현대,ok
2022,20220701,271560,오리온,ok
2022,20220701,271940,일진하이솔루스,ok
2022,20220701,272210,한화시스템,ok
2022,20220701,282330,BGF리테일,ok
2022,20220701,284740,쿠쿠홈시스,ok
2022,20220701,285130,SK케미칼,ok
2022,20220701,294870,IPARK현대산업개발,ok
2022,20220701,298020,효성티앤씨,ok
2022,20220701,298050,HS효성첨단소재,ok
2022,20220701,300720,한일시멘트,ok
2022,20220701,302440,SK바이오사이언스,ok
2022,20220701,316140,우리금융지주,ok
2022,20220701,323410,카카오뱅크,ok
2022,20220701,326030,SK바이오팜,ok
2022,20220701,329180,HD현대중공업,ok
2022,20220701,336260,두산퓨얼셀,ok
2022,20220701,352820,하이브,ok
2022,20220701,361610,SK아이이테크놀로지,ok
2022,20220701,373220,LG에너지솔루션,ok
2022,20220701,375500,DL이앤씨,ok
2022,20220701,377300,카카오페이,ok
2022,20220701,381970,케이카,ok
2022,20220701,383220,F&F,ok
2022,20220701,402340,SK스퀘어,ok
2023,20230630,000080,하이트진로,ok
2023,20230630,000100,유한양행,ok
2023,20230630,000120,CJ대한통운,ok
2023,20230630,000150,두산,ok
2023,20230630,000210,DL,ok
2023,20230630,000240,한국앤컴퍼니,ok
2023,20230630,000270,기아,ok
2023,20230630,000660,SK하이닉스,ok
2023,20230630,000670,영풍,ok
2023,20230630,000720,현대건설,ok
2023,20230630,000810,삼성화재,ok
2023,20230630,000880,한화,ok
2023,20230630,000990,DB하이텍,ok
2023,20230630,001040,CJ,ok
2023,20230630,001120,LX인터내셔널,ok
2023,20230630,001440,대한전선,ok
2023,20230630,001450,현대해상,ok
2023,20230630,001570,금양,ok
2023,20230630,001680,대상,ok
2023,20230630,001740,SK네트웍스,ok
2023,20230630,001800,오리온홀딩스,ok
2023,20230630,002380,KCC,ok
2023,20230630,002790,아모레퍼시픽홀딩스,ok
2023,20230630,003090,대웅,ok
2023,20230630,003230,삼양식품,ok
2023,20230630,003240,태광산업,ok
2023,20230630,003410,쌍용C&E,ok
2023,20230630,003490,대한항공,ok
2023,20230630,003550,LG,ok
2023,20230630,003670,포스코퓨처엠,ok
2023,20230630,003850,보령,ok
2023,20230630,004000,롯데정밀화학,ok
2023,20230630,004020,현대제철,ok
2023,20230630,004170,신세계,ok
2023,20230630,004370,농심,ok
2023,20230630,004490,세방전지,ok
2023,20230630,004800,효성,ok
2023,20230630,004990,롯데지주,ok
2023,20230630,005250,녹십자홀딩스,ok
2023,20230630,005300,롯데칠성,ok
2023,20230630,005380,현대차,ok
2023,20230630,005420,코스모화학,ok
2023,20230630,005490,POSCO홀딩스,ok
2023,20230630,005830,DB손해보험,ok
2023,20230630,005850,에스엘,ok
2023,20230630,005930,삼성전자,ok
2023,20230630,005940,NH투자증권,ok
2023,20230630,006260,LS,ok
2023,20230630,006280,녹십자,ok
2023,20230630,006360,GS건설,ok
2023,20230630,006400,삼성SDI,ok
2023,20230630,006650,대한유화,ok
2023,20230630,006800,미래에셋증권,ok
2023,20230630,007070,GS리테일,ok
2023,20230630,007310,오뚜기,ok
2023,20230630,008730,율촌화학,ok
2023,20230630,008770,호텔신라,ok
2023,20230630,008930,한미사이언스,ok
2023,20230630,009150,삼성전기,ok
2023,20230630,009240,한샘,ok
2023,20230630,009420,한올바이오파마,ok
2023,20230630,009540,HD한국조선해양,ok
2023,20230630,009830,한화솔루션,ok
2023,20230630,009900,명신산업,ok
2023,20230630,010060,OCI홀딩스,ok
2023,20230630,010120,LS ELECTRIC,ok
2023,20230630,010130,고려아연,ok
2023,20230630,010140,삼성중공업,ok
2023,20230630,010620,HD현대미포,ok
2023,20230630,010780,아이에스동서,ok
2023,20230630,010950,S-Oil,ok
2023,20230630,011070,LG이노텍,ok
2023,20230630,011170,롯데케미칼,ok
2023,20230630,011200,HMM,ok
2023,20230630,011210,현대위아,ok
2023,20230630,011780,금호석유화학,ok
2023,20230630,011790,SKC,ok
2023,20230630,012330,현대모비스,ok
2023,20230630,012450,한화에어로스페이스,ok
2023,20230630,012750,에스원,ok
2023,20230630,013890,지누스,ok
2023,20230630,014680,한솔케미칼,ok
2023,20230630,014820,동원시스템즈,ok
2023,20230630,015760,한국전력,ok
2023,20230630,016360,삼성증권,ok
2023,20230630,016380,KG스틸,ok
2023,20230630,017670,SK텔레콤,ok
2023,20230630,017800,현대엘리베이터,ok
2023,20230630,018260,삼성에스디에스,ok
2023,20230630,018880,한온시스템,ok
2023,20230630,019170,신풍제약,ok
2023,20230630,020000,한섬,ok
2023,20230630,020150,롯데에너지머티리얼즈,ok
2023,20230630,020560,아시아나항공,ok
2023,20230630,021240,코웨이,ok
2023,20230630,023530,롯데쇼핑,ok
2023,20230630,024110,기업은행,ok
2023,20230630,026960,동서,ok
2023,20230630,028050,삼성E&A,ok
2023,20230630,028260,삼성물산,ok
2023,20230630,028670,팬오션,ok
2023,20230630,029780,삼성카드,ok
2023,20230630,030000,제일기획,ok
2023,20230630,030200,KT,ok
2023,20230630,031430,신세계인터내셔날,ok
2023,20230630,032350,롯데관광개발,ok
2023,20230630,032640,LG유플러스,ok
2023,20230630,032830,삼성생명,ok
2023,20230630,033780,KT&G,ok
2023,20230630,034020,두산에너빌리티,ok
2023,20230630,034220,LG디스플레이,ok
2023,20230630,034730,SK,ok
2023,20230630,035250,강원랜드,ok
2023,20230630,035420,NAVER,ok
2023,20230630,035720,카카오,ok
2023,20230630,036460,한국가스공사,ok
2023,20230630,036570,NC,ok
2023,20230630,039130,하나투어,ok
2023,20230630,039490,키움증권,ok
2023,20230630,042660,한화오션,ok
2023,20230630,042670,HD현대인프라코어,ok
2023,20230630,047040,대우건설,ok
2023,20230630,047050,포스코인터내셔널,ok
2023,20230630,047810,한국항공우주,ok
2023,20230630,051600,한전KPS,ok
2023,20230630,051900,LG생활건강,ok
2023,20230630,051910,LG화학,ok
2023,20230630,052690,한전기술,ok
2023,20230630,055550,신한지주,ok
2023,20230630,057050,현대홈쇼핑,ok
2023,20230630,064350,현대로템,ok
2023,20230630,066570,LG전자,ok
2023,20230630,068270,셀트리온,ok
2023,20230630,069260,TKG휴켐스,ok
2023,20230630,069620,대웅제약,ok
2023,20230630,069960,현대백화점,ok
2023,20230630,071050,한국금융지주,ok
2023,20230630,073240,금호타이어,ok
2023,20230630,078930,GS,ok
2023,20230630,079550,LIG디펜스앤에어로스페이스,ok
2023,20230630,081660,미스토홀딩스,ok
2023,20230630,086280,현대글로비스,ok
2023,20230630,086790,하나금융지주,ok
2023,20230630,088350,한화생명,ok
2023,20230630,090430,아모레퍼시픽,ok
2023,20230630,093370,후성,ok
2023,20230630,096770,SK이노베이션,ok
2023,20230630,097950,CJ제일제당,ok
2023,20230630,103140,풍산,ok
2023,20230630,105560,KB금융,ok
2023,20230630,105630,한세실업,ok
2023,20230630,111770,영원무역,ok
2023,20230630,112610,씨에스윈드,ok
2023,20230630,114090,GKL,ok
2023,20230630,120110,코오롱인더,ok
2023,20230630,128940,한미약품,ok
2023,20230630,137310,에스디바이오센서,ok
2023,20230630,138040,메리츠금융지주,ok
2023,20230630,138930,BNK금융지주,ok
2023,20230630,139130,iM금융지주,ok
2023,20230630,139480,이마트,ok
2023,20230630,161390,한국타이어앤테크놀로지,ok
2023,20230630,161890,한국콜마,ok
2023,20230630,175330,JB금융지주,ok
2023,20230630,178920,PI첨단소재,ok
2023,20230630,180640,한진칼,ok
2023,20230630,185750,종근당,ok
2023,20230630,192080,더블유게임즈,ok
2023,20230630,192820,코스맥스,ok
2023,20230630,204320,HL만도,ok
2023,20230630,207940,삼성바이오로직스,ok
2023,20230630,241560,두산밥캣,ok
2023,20230630,251270,넷마블,ok
2023,20230630,259960,크래프톤,ok
2023,20230630,267250,HD현대,ok
2023,20230630,271560,오리온,ok
2023,20230630,271940,일진하이솔루스,ok
2023,20230630,272210,한화시스템,ok
2023,20230630,280360,롯데웰푸드,ok
2023,20230630,282330,BGF리테일,ok
2023,20230630,284740,쿠쿠홈시스,ok
2023,20230630,285130,SK케미칼,ok
2023,20230630,294870,IPARK현대산업개발,ok
2023,20230630,298020,효성티앤씨,ok
2023,20230630,298050,HS효성첨단소재,ok
2023,20230630,300720,한일시멘트,ok
2023,20230630,302440,SK바이오사이언스,ok
2023,20230630,316140,우리금융지주,ok
2023,20230630,323410,카카오뱅크,ok
2023,20230630,326030,SK바이오팜,ok
2023,20230630,329180,HD현대중공업,ok
2023,20230630,336260,두산퓨얼셀,ok
2023,20230630,352820,하이브,ok
2023,20230630,361610,SK아이이테크놀로지,ok
2023,20230630,373220,LG에너지솔루션,ok
2023,20230630,375500,DL이앤씨,ok
2023,20230630,377300,카카오페이,ok
2023,20230630,381970,케이카,ok
2023,20230630,383220,F&F,ok
2023,20230630,402340,SK스퀘어,ok
2024,20240701,000080,하이트진로,ok
2024,20240701,000100,유한양행,ok
2024,20240701,000120,CJ대한통운,ok
2024,20240701,000150,두산,ok
2024,20240701,000210,DL,ok
2024,20240701,000240,한국앤컴퍼니,ok
2024,20240701,000270,기아,ok
2024,20240701,000660,SK하이닉스,ok
2024,20240701,000670,영풍,ok
2024,20240701,000720,현대건설,ok
2024,20240701,000810,삼성화재,ok
2024,20240701,000880,한화,ok
2024,20240701,001040,CJ,ok
2024,20240701,001120,LX인터내셔널,ok
2024,20240701,001430,세아베스틸지주,ok
2024,20240701,001440,대한전선,ok
2024,20240701,001450,현대해상,ok
2024,20240701,001570,금양,ok
2024,20240701,001680,대상,ok
2024,20240701,001740,SK네트웍스,ok
2024,20240701,001800,오리온홀딩스,ok
2024,20240701,002380,KCC,ok
2024,20240701,002710,TCC스틸,ok
2024,20240701,002790,아모레퍼시픽홀딩스,ok
2024,20240701,003030,세아제강지주,ok
2024,20240701,003090,대웅,ok
2024,20240701,003230,삼양식품,ok
2024,20240701,003490,대한항공,ok
2024,20240701,003550,LG,ok
2024,20240701,003620,KG모빌리티,ok
2024,20240701,003670,포스코퓨처엠,ok
2024,20240701,004000,롯데정밀화학,ok
2024,20240701,004020,현대제철,ok
2024,20240701,004170,신세계,ok
2024,20240701,004370,농심,ok
2024,20240701,004490,세방전지,ok
2024,20240701,004800,효성,ok
2024,20240701,004990,롯데지주,ok
2024,20240701,005070,코스모신소재,ok
2024,20240701,005250,녹십자홀딩스,ok
2024,20240701,005300,롯데칠성,ok
2024,20240701,005380,현대차,ok
2024,20240701,005420,코스모화학,ok
2024,20240701,005490,POSCO홀딩스,ok
2024,20240701,005830,DB손해보험,ok
2024,20240701,005850,에스엘,ok
2024,20240701,005930,삼성전자,ok
2024,20240701,005940,NH투자증권,ok
2024,20240701,006110,삼아알미늄,ok
2024,20240701,006260,LS,ok
2024,20240701,006280,녹십자,ok
2024,20240701,006360,GS건설,ok
2024,20240701,006400,삼성SDI,ok
2024,20240701,006650,대한유화,ok
2024,20240701,006800,미래에셋증권,ok
2024,20240701,007070,GS리테일,ok
2024,20240701,007310,오뚜기,ok
2024,20240701,008730,율촌화학,ok
2024,20240701,008770,호텔신라,ok
2024,20240701,008930,한미사이언스,ok
2024,20240701,009150,삼성전기,ok
2024,20240701,009240,한샘,ok
2024,20240701,009420,한올바이오파마,ok
2024,20240701,009540,HD한국조선해양,ok
2024,20240701,009830,한화솔루션,ok
2024,20240701,009900,명신산업,ok
2024,20240701,009970,영원무역홀딩스,ok
2024,20240701,010060,OCI홀딩스,ok
2024,20240701,010120,LS ELECTRIC,ok
2024,20240701,010130,고려아연,ok
2024,20240701,010140,삼성중공업,ok
2024,20240701,010620,HD현대미포,ok
2024,20240701,010950,S-Oil,ok
2024,20240701,011070,LG이노텍,ok
2024,20240701,011170,롯데케미칼,ok
2024,20240701,011200,HMM,ok
2024,20240701,011210,현대위아,ok
2024,20240701,011780,금호석유화학,ok
2024,20240701,011790,SKC,ok
2024,20240701,012330,현대모비스,ok
2024,20240701,012450,한화에어로스페이스,ok
2024,20240701,012750,에스원,ok
2024,20240701,014680,한솔케미칼,ok
2024,20240701,014820,동원시스템즈,ok
2024,20240701,015760,한국전력,ok
2024,20240701,016360,삼성증권,ok
2024,20240701,016380,KG스틸,ok
2024,20240701,017670,SK텔레콤,ok
2024,20240701,017800,현대엘리베이터,ok
2024,20240701,018260,삼성에스디에스,ok
2024,20240701,018880,한온시스템,ok
2024,20240701,021240,코웨이,ok
2024,20240701,022100,포스코DX,ok
2024,20240701,023530,롯데쇼핑,ok
2024,20240701,024110,기업은행,ok
2024,20240701,026960,동서,ok
2024,20240701,028050,삼성E&A,ok
2024,20240701,028260,삼성물산,ok
2024,20240701,028670,팬오션,ok
2024,20240701,029780,삼성카드,ok
2024,20240701,030000,제일기획,ok
2024,20240701,030200,KT,ok
2024,20240701,032350,롯데관광개발,ok
2024,20240701,032640,LG유플러스,ok
2024,20240701,032830,삼성생명,ok
2024,20240701,033780,KT&G,ok
2024,20240701,034020,두산에너빌리티,ok
2024,20240701,034220,LG디스플레이,ok
2024,20240701,034730,SK,ok
2024,20240701,035250,강원랜드,ok
2024,20240701,035420,NAVER,ok
2024,20240701,035720,카카오,ok
2024,20240701,036460,한국가스공사,ok
2024,20240701,036570,NC,ok
2024,20240701,039130,하나투어,ok
2024,20240701,039490,키움증권,ok
2024,20240701,042660,한화오션,ok
2024,20240701,042670,HD현대인프라코어,ok
2024,20240701,042700,한미반도체,ok
2024,20240701,047040,대우건설,ok
2024,20240701,047050,포스코인터내셔널,ok
2024,20240701,047810,한국항공우주,ok
2024,20240701,051600,한전KPS,ok
2024,20240701,051900,LG생활건강,ok
2024,20240701,051910,LG화학,ok
2024,20240701,052690,한전기술,ok
2024,20240701,055550,신한지주,ok
2024,20240701,064350,현대로템,ok
2024,20240701,066570,LG전자,ok
2024,20240701,066970,엘앤에프,ok
2024,20240701,068270,셀트리온,ok
2024,20240701,069260,TKG휴켐스,ok
2024,20240701,069620,대웅제약,ok
2024,20240701,069960,현대백화점,ok
2024,20240701,071050,한국금융지주,ok
2024,20240701,073240,금호타이어,ok
2024,20240701,078930,GS,ok
2024,20240701,079550,LIG디펜스앤에어로스페이스,ok
2024,20240701,081660,미스토홀딩스,ok
2024,20240701,086280,현대글로비스,ok
2024,20240701,086790,하나금융지주,ok
2024,20240701,088350,한화생명,ok
2024,20240701,090430,아모레퍼시픽,ok
2024,20240701,093370,후성,ok
2024,20240701,096770,SK이노베이션,ok
2024,20240701,097950,CJ제일제당,ok
2024,20240701,103140,풍산,ok
2024,20240701,105560,KB금융,ok
2024,20240701,105630,한세실업,ok
2024,20240701,111770,영원무역,ok
2024,20240701,112610,씨에스윈드,ok
2024,20240701,114090,GKL,ok
2024,20240701,120110,코오롱인더,ok
2024,20240701,128940,한미약품,ok
2024,20240701,137310,에스디바이오센서,ok
2024,20240701,138040,메리츠금융지주,ok
2024,20240701,138930,BNK금융지주,ok
2024,20240701,139130,iM금융지주,ok
2024,20240701,139480,이마트,ok
2024,20240701,145720,덴티움,ok
2024,20240701,161390,한국타이어앤테크놀로지,ok
2024,20240701,161890,한국콜마,ok
2024,20240701,175330,JB금융지주,ok
2024,20240701,178920,PI첨단소재,ok
2024,20240701,180640,한진칼,ok
2024,20240701,185750,종근당,ok
2024,20240701,192080,더블유게임즈,ok
2024,20240701,192820,코스맥스,ok
2024,20240701,204320,HL만도,ok
2024,20240701,207940,삼성바이오로직스,ok
2024,20240701,241560,두산밥캣,ok
2024,20240701,251270,넷마블,ok
2024,20240701,259960,크래프톤,ok
2024,20240701,267250,HD현대,ok
2024,20240701,267260,HD현대일렉트릭,ok
2024,20240701,271560,오리온,ok
2024,20240701,271940,일진하이솔루스,ok
2024,20240701,272210,한화시스템,ok
2024,20240701,280360,롯데웰푸드,ok
2024,20240701,282330,BGF리테일,ok
2024,20240701,285130,SK케미칼,ok
2024,20240701,298020,효성티앤씨,ok
2024,20240701,298050,HS효성첨단소재,ok
2024,20240701,300720,한일시멘트,ok
2024,20240701,302440,SK바이오사이언스,ok
2024,20240701,316140,우리금융지주,ok
2024,20240701,323410,카카오뱅크,ok
2024,20240701,326030,SK바이오팜,ok
2024,20240701,329180,HD현대중공업,ok
2024,20240701,336260,두산퓨얼셀,ok
2024,20240701,352820,하이브,ok
2024,20240701,361610,SK아이이테크놀로지,ok
2024,20240701,373220,LG에너지솔루션,ok
2024,20240701,375500,DL이앤씨,ok
2024,20240701,377300,카카오페이,ok
2024,20240701,383220,F&F,ok
2024,20240701,402340,SK스퀘어,ok
2024,20240701,450080,에코프로머티,ok
2024,20240701,454910,두산로보틱스,ok
2024,20240701,457190,이수스페셜티케미컬,ok
2025,20250701,000080,하이트진로,ok
2025,20250701,000100,유한양행,ok
2025,20250701,000120,CJ대한통운,ok
2025,20250701,000150,두산,ok
2025,20250701,000210,DL,ok
2025,20250701,000240,한국앤컴퍼니,ok
2025,20250701,000270,기아,ok
2025,20250701,000660,SK하이닉스,ok
2025,20250701,000670,영풍,ok
2025,20250701,000720,현대건설,ok
2025,20250701,000810,삼성화재,ok
2025,20250701,000880,한화,ok
2025,20250701,001040,CJ,ok
2025,20250701,001430,세아베스틸지주,ok
2025,20250701,001440,대한전선,ok
2025,20250701,001450,현대해상,ok
2025,20250701,001680,대상,ok
2025,20250701,001800,오리온홀딩스,ok
2025,20250701,002380,KCC,ok
2025,20250701,002710,TCC스틸,ok
2025,20250701,002790,아모레퍼시픽홀딩스,ok
2025,20250701,002840,미원상사,ok
2025,20250701,003030,세아제강지주,ok
2025,20250701,003090,대웅,ok
2025,20250701,003230,삼양식품,ok
2025,20250701,003240,태광산업,ok
2025,20250701,003490,대한항공,ok
2025,20250701,003550,LG,ok
2025,20250701,003620,KG모빌리티,ok
2025,20250701,003670,포스코퓨처엠,ok
2025,20250701,004000,롯데정밀화학,ok
2025,20250701,004020,현대제철,ok
2025,20250701,004170,신세계,ok
2025,20250701,004370,농심,ok
2025,20250701,004490,세방전지,ok
2025,20250701,004990,롯데지주,ok
2025,20250701,005250,녹십자홀딩스,ok
2025,20250701,005300,롯데칠성,ok
2025,20250701,005380,현대차,ok
2025,20250701,005420,코스모화학,ok
2025,20250701,005490,POSCO홀딩스,ok
2025,20250701,005830,DB손해보험,ok
2025,20250701,005850,에스엘,ok
2025,20250701,005930,삼성전자,ok
2025,20250701,005940,NH투자증권,ok
2025,20250701,006040,동원산업,ok
2025,20250701,006260,LS,ok
2025,20250701,006280,녹십자,ok
2025,20250701,006360,GS건설,ok
2025,20250701,006400,삼성SDI,ok
2025,20250701,006650,대한유화,ok
2025,20250701,006800,미래에셋증권,ok
2025,20250701,007070,GS리테일,ok
2025,20250701,007310,오뚜기,ok
2025,20250701,007340,DN오토모티브,ok
2025,20250701,008730,율촌화학,ok
2025,20250701,008770,호텔신라,ok
2025,20250701,008930,한미사이언스,ok
2025,20250701,009150,삼성전기,ok
2025,20250701,009240,한샘,ok
2025,20250701,009420,한올바이오파마,ok
2025,20250701,009540,HD한국조선해양,ok
2025,20250701,009830,한화솔루션,ok
2025,20250701,009970,영원무역홀딩스,ok
2025,20250701,010060,OCI홀딩스,ok
2025,20250701,010120,LS ELECTRIC,ok
2025,20250701,010130,고려아연,ok
2025,20250701,010140,삼성중공업,ok
2025,20250701,010620,HD현대미포,ok
2025,20250701,010950,S-Oil,ok
2025,20250701,011070,LG이노텍,ok
2025,20250701,011170,롯데케미칼,ok
2025,20250701,011200,HMM,ok
2025,20250701,011210,현대위아,ok
2025,20250701,011780,금호석유화학,ok
2025,20250701,011790,SKC,ok
2025,20250701,012330,현대모비스,ok
2025,20250701,012450,한화에어로스페이스,ok
2025,20250701,012630,HDC,ok
2025,20250701,012750,에스원,ok
2025,20250701,014680,한솔케미칼,ok
2025,20250701,014820,동원시스템즈,ok
2025,20250701,015760,한국전력,ok
2025,20250701,016360,삼성증권,ok
2025,20250701,017670,SK텔레콤,ok
2025,20250701,017800,현대엘리베이터,ok
2025,20250701,017960,한국카본,ok
2025,20250701,018260,삼성에스디에스,ok
2025,20250701,018880,한온시스템,ok
2025,20250701,021240,코웨이,ok
2025,20250701,022100,포스코DX,ok
2025,20250701,023530,롯데쇼핑,ok
2025,20250701,024110,기업은행,ok
2025,20250701,026960,동서,ok
2025,20250701,028050,삼성E&A,ok
2025,20250701,028260,삼성물산,ok
2025,20250701,028670,팬오션,ok
2025,20250701,029780,삼성카드,ok
2025,20250701,030000,제일기획,ok
2025,20250701,030200,KT,ok
2025,20250701,032640,LG유플러스,ok
2025,20250701,032830,삼성생명,ok
2025,20250701,033780,KT&G,ok
2025,20250701,034020,두산에너빌리티,ok
2025,20250701,034220,LG디스플레이,ok
2025,20250701,034730,SK,ok
2025,20250701,035250,강원랜드,ok
2025,20250701,035420,NAVER,ok
2025,20250701,035720,카카오,ok
2025,20250701,036460,한국가스공사,ok
2025,20250701,036570,NC,ok
2025,20250701,039130,하나투어,ok
2025,20250701,039490,키움증권,ok
2025,20250701,042660,한화오션,ok
2025,20250701,042670,HD현대인프라코어,ok
2025,20250701,042700,한미반도체,ok
2025,20250701,047040,대우건설,ok
2025,20250701,047050,포스코인터내셔널,ok
2025,20250701,047810,한국항공우주,ok
2025,20250701,051600,한전KPS,ok
2025,20250701,051900,LG생활건강,ok
2025,20250701,051910,LG화학,ok
2025,20250701,052690,한전기술,ok
2025,20250701,055550,신한지주,ok
2025,20250701,064350,현대로템,ok
2025,20250701,066570,LG전자,ok
2025,20250701,066970,엘앤에프,ok
2025,20250701,068270,셀트리온,ok
2025,20250701,069260,TKG휴켐스,ok
2025,20250701,069620,대웅제약,ok
2025,20250701,069960,현대백화점,ok
2025,20250701,071050,한국금융지주,ok
2025,20250701,071320,지역난방공사,ok
2025,20250701,073240,금호타이어,ok
2025,20250701,078930,GS,ok
2025,20250701,079550,LIG디펜스앤에어로스페이스,ok
2025,20250701,081660,미스토홀딩스,ok
2025,20250701,086280,현대글로비스,ok
2025,20250701,086790,하나금융지주,ok
2025,20250701,088350,한화생명,ok
2025,20250701,090430,아모레퍼시픽,ok
2025,20250701,093370,후성,ok
2025,20250701,096770,SK이노베이션,ok
2025,20250701,097950,CJ제일제당,ok
2025,20250701,103140,풍산,ok
2025,20250701,105560,KB금융,ok
2025,20250701,111770,영원무역,ok
2025,20250701,112610,씨에스윈드,ok
2025,20250701,114090,GKL,ok
2025,20250701,120110,코오롱인더,ok
2025,20250701,128940,한미약품,ok
2025,20250701,137310,에스디바이오센서,ok
2025,20250701,138040,메리츠금융지주,ok
2025,20250701,138930,BNK금융지주,ok
2025,20250701,139130,iM금융지주,ok
2025,20250701,139480,이마트,ok
2025,20250701,145720,덴티움,ok
2025,20250701,161390,한국타이어앤테크놀로지,ok
2025,20250701,161890,한국콜마,ok
2025,20250701,175330,JB금융지주,ok
2025,20250701,180640,한진칼,ok
2025,20250701,185750,종근당,ok
2025,20250701,192080,더블유게임즈,ok
2025,20250701,192820,코스맥스,ok
2025,20250701,204320,HL만도,ok
2025,20250701,207940,삼성바이오로직스,ok
2025,20250701,241560,두산밥캣,ok
2025,20250701,251270,넷마블,ok
2025,20250701,259960,크래프톤,ok
2025,20250701,267250,HD현대,ok
2025,20250701,267260,HD현대일렉트릭,ok
2025,20250701,268280,미원에스씨,ok
2025,20250701,271560,오리온,ok
2025,20250701,272210,한화시스템,ok
2025,20250701,278470,에이피알,ok
2025,20250701,280360,롯데웰푸드,ok
2025,20250701,282330,BGF리테일,ok
2025,20250701,285130,SK케미칼,ok
2025,20250701,298020,효성티앤씨,ok
2025,20250701,298040,효성중공업,ok
2025,20250701,298050,HS효성첨단소재,ok
2025,20250701,300720,한일시멘트,ok
2025,20250701,302440,SK바이오사이언스,ok
2025,20250701,316140,우리금융지주,ok
2025,20250701,323410,카카오뱅크,ok
2025,20250701,326030,SK바이오팜,ok
2025,20250701,329180,HD현대중공업,ok
2025,20250701,352820,하이브,ok
2025,20250701,361610,SK아이이테크놀로지,ok
2025,20250701,373220,LG에너지솔루션,ok
2025,20250701,375500,DL이앤씨,ok
2025,20250701,377300,카카오페이,ok
2025,20250701,383220,F&F,ok
2025,20250701,402340,SK스퀘어,ok
2025,20250701,443060,HD현대마린솔루션,ok
2025,20250701,450080,에코프로머티,ok
2025,20250701,454910,두산로보틱스,ok
2025,20250701,456040,OCI,ok
2025,20250701,457190,이수스페셜티케미컬,ok
2025,20250701,489790,한화비전,ok
